date,load,temperature
01/01/2019 0:00,1714.28,25.7
01/01/2019 0:01,1654.94,26.6
01/01/2019 0:02,1557.78,26.3
01/01/2019 0:03,1628.57,27.4
01/01/2019 0:04,1624.17,24.2
01/01/2019 0:05,1656.24,25.4
01/01/2019 0:06,1676.33,25.6
01/01/2019 0:07,1600.53,25.6
01/01/2019 0:08,1574.54,27.5
01/01/2019 0:09,1592.54,27.6
01/01/2019 0:10,1728.31,26.9
01/01/2019 0:11,1604.86,24.9
01/01/2019 0:12,1588.19,26.2
01/01/2019 0:13,1635.18,26.8
01/01/2019 0:14,1635.18,26.7
01/01/2019 0:15,1675.93,27.4
01/01/2019 0:16,1603.01,28.4
01/01/2019 0:17,1616.08,27
01/01/2019 0:18,1635.68,27.9
01/01/2019 0:19,1613.9,26.2
01/01/2019 0:20,1646.57,25.9
01/01/2019 0:21,1646.57,26
01/01/2019 0:22,1642.21,25.6
01/01/2019 0:23,1631.32,25.8
01/01/2019 0:24,1644.39,26.8
01/01/2019 0:25,1637.86,27.6
01/01/2019 0:26,1642.21,26.1
01/01/2019 0:27,1618.25,26.6
01/01/2019 0:28,1672.7,25.8
01/01/2019 0:29,1613.9,25.8
01/01/2019 0:30,1611.72,26.8
01/01/2019 0:31,1714.09,25.7
01/01/2019 0:32,1745.32,26.6
01/01/2019 0:33,1677.06,26.3
01/01/2019 0:34,1710.63,27.4
01/01/2019 0:35,1697.62,24.2
01/01/2019 0:36,1652.09,25.4
01/01/2019 0:37,1749.66,25.6
01/01/2019 0:38,1639.08,25.6
01/01/2019 0:39,1732.31,27.5
01/01/2019 0:40,1682.45,27.6
01/01/2019 0:41,1654.26,26.9
01/01/2019 0:42,1636.92,24.9
01/01/2019 0:43,1662.93,26.2
01/01/2019 0:44,1671.61,26.8
01/01/2019 0:45,1717.93,26.7
01/01/2019 0:46,1719.3,27.4
01/01/2019 0:47,1697.62,28.4
01/01/2019 0:48,1726.96,27
01/01/2019 0:49,1714.81,27.9
01/01/2019 0:50,1659.01,26.2
01/01/2019 0:51,1646.14,25.9
01/01/2019 0:52,1751.3,26
01/01/2019 0:53,1691.21,25.6
01/01/2019 0:54,1729.84,25.8
01/01/2019 0:55,1646.14,26.8
01/01/2019 0:56,1714.81,27.6
01/01/2019 0:57,1699.79,26.1
01/01/2019 0:58,1699.79,26.6
01/01/2019 0:59,1680.47,25.8
01/01/2019 1:00,1693.35,25.8
01/01/2019 1:01,1772.76,26.8
01/01/2019 1:02,1787.78,25.7
01/01/2019 1:03,1692.46,26.6
01/01/2019 1:04,1767.92,26.3
01/01/2019 1:05,1651.5,27.4
01/01/2019 1:06,1649.34,24.2
01/01/2019 1:07,1651.5,25.4
01/01/2019 1:08,1716.18,25.6
01/01/2019 1:09,1655.81,25.6
01/01/2019 1:10,1716.18,27.5
01/01/2019 1:11,1654.35,27.6
01/01/2019 1:12,1645.61,26.9
01/01/2019 1:13,1674.94,24.9
01/01/2019 1:14,1670.55,26.2
01/01/2019 1:15,1647.79,26.8
01/01/2019 1:16,1652.99,26.7
01/01/2019 1:17,1642.01,27.4
01/01/2019 1:18,1696.89,28.4
01/01/2019 1:19,1624.45,27
01/01/2019 1:20,1696.89,27.9
01/01/2019 1:21,1683.72,26.2
01/01/2019 1:22,1678.39,25.9
01/01/2019 1:23,1639.05,26
01/01/2019 1:24,1695.87,25.6
01/01/2019 1:25,1742.66,25.8
01/01/2019 1:26,1668.69,26.8
01/01/2019 1:27,1640.4,27.6
01/01/2019 1:28,1691.5,26.1
01/01/2019 1:29,1733.02,26.6
01/01/2019 1:30,1739.58,25.8
01/01/2019 1:31,1747.01,25.8
01/01/2019 1:32,1671.83,26.8
01/01/2019 1:33,1675.21,25.7
01/01/2019 1:34,1677.39,26.6
01/01/2019 1:35,1727.43,26.3
01/01/2019 1:36,1701.32,27.4
01/01/2019 1:37,1705.67,24.2
01/01/2019 1:38,1696.97,25.4
01/01/2019 1:39,1668.69,25.6
01/01/2019 1:40,1723.08,25.6
01/01/2019 1:41,1782.45,27.5
01/01/2019 1:42,1695.82,27.6
01/01/2019 1:43,1784.62,26.9
01/01/2019 1:44,1746.36,24.9
01/01/2019 1:45,1723.98,26.2
01/01/2019 1:46,1781.6,26.8
01/01/2019 1:47,1755.47,26.7
01/01/2019 1:48,1709.73,27.4
01/01/2019 1:49,1755.47,28.4
01/01/2019 1:50,1740.22,27
01/01/2019 1:51,1782.18,27.9
01/01/2019 1:52,1792.49,26.2
01/01/2019 1:53,1709.73,25.9
01/01/2019 1:54,1794.67,26
01/01/2019 1:55,1803.86,25.6
01/01/2019 1:56,1701.02,25.8
01/01/2019 1:57,1759.82,26.8
01/01/2019 1:58,1753.29,27.6
01/01/2019 1:59,1777.84,26.1
01/01/2019 2:00,1779.43,26.6
01/01/2019 2:01,1674.88,25.8
01/01/2019 2:02,1701.02,25.8
01/01/2019 2:03,1703.2,26.8
01/01/2019 2:04,1690.13,25.7
01/01/2019 2:05,1727.15,26.6
01/01/2019 2:06,1689.06,26.3
01/01/2019 2:07,1730.63,27.4
01/01/2019 2:08,1682.5,24.2
01/01/2019 2:09,1761.26,25.4
01/01/2019 2:10,1715.31,25.6
01/01/2019 2:11,1708.75,25.6
01/01/2019 2:12,1842.59,27.5
01/01/2019 2:13,1710.94,27.6
01/01/2019 2:14,1675.93,26.9
01/01/2019 2:15,1719.69,24.9
01/01/2019 2:16,1721.88,26.2
01/01/2019 2:17,1686.87,26.8
01/01/2019 2:18,1700,26.7
01/01/2019 2:19,1728.44,27.4
01/01/2019 2:20,1739.38,28.4
01/01/2019 2:21,1745.94,27
01/01/2019 2:22,1735,27.9
01/01/2019 2:23,1752.51,26.2
01/01/2019 2:24,1783.14,25.9
01/01/2019 2:25,1748.13,26
01/01/2019 2:26,1715.31,25.6
01/01/2019 2:27,1752.51,25.8
01/01/2019 2:28,1671.56,26.8
01/01/2019 2:29,1785.33,27.6
01/01/2019 2:30,1805.02,26.1
01/01/2019 2:31,1707.69,26.6
01/01/2019 2:32,1798.45,25.8
01/01/2019 2:33,1712.09,25.8
01/01/2019 2:34,1857.53,26.8
01/01/2019 2:35,1896.91,25.7
01/01/2019 2:36,1678.12,26.6
01/01/2019 2:37,1695.62,26.3
01/01/2019 2:38,1710.94,27.4
01/01/2019 2:39,1721.88,24.2
01/01/2019 2:40,1842.21,25.4
01/01/2019 2:41,1861.9,25.6
01/01/2019 2:42,1712.09,25.6
01/01/2019 2:43,1721.88,27.5
01/01/2019 2:44,1673.74,27.6
01/01/2019 2:45,1701.1,26.9
01/01/2019 2:46,1745.05,24.9
01/01/2019 2:47,1760.06,26.2
01/01/2019 2:48,1679.56,26.8
01/01/2019 2:49,1696.97,26.7
01/01/2019 2:50,1829.68,27.4
01/01/2019 2:51,1801.4,28.4
01/01/2019 2:52,1788.34,27
01/01/2019 2:53,1705.67,27.9
01/01/2019 2:54,1783.99,26.2
01/01/2019 2:55,1764.41,25.9
01/01/2019 2:56,1712.2,26
01/01/2019 2:57,1775.29,25.6
01/01/2019 2:58,1666.51,25.8
01/01/2019 2:59,1746.13,26.8
01/01/2019 3:00,1674.02,27.6
01/01/2019 3:01,1698.06,26.1
01/01/2019 3:02,1671.83,26.6
01/01/2019 3:03,1733.02,25.8
01/01/2019 3:04,1691.5,25.8
01/01/2019 3:05,1773.11,26.8
01/01/2019 3:06,1741.76,25.7
01/01/2019 3:07,1725.25,26.6
01/01/2019 3:08,1690.44,26.3
01/01/2019 3:09,1668.69,27.4
01/01/2019 3:10,1710.02,24.2
01/01/2019 3:11,1713.35,25.4
01/01/2019 3:12,1707.85,25.6
01/01/2019 3:13,1731.78,25.6
01/01/2019 3:14,1680.57,27.5
01/01/2019 3:15,1652.16,27.6
01/01/2019 3:16,1751.36,26.9
01/01/2019 3:17,1726.47,24.9
01/01/2019 3:18,1658.72,26.2
01/01/2019 3:19,1717.72,26.8
01/01/2019 3:20,1759.25,26.7
01/01/2019 3:21,1702.43,27.4
01/01/2019 3:22,1660.9,28.4
01/01/2019 3:23,1698.06,27
01/01/2019 3:24,1796.4,27.9
01/01/2019 3:25,1652.16,26.2
01/01/2019 3:26,1785.47,25.9
01/01/2019 3:27,1745.18,26
01/01/2019 3:28,1783.29,25.6
01/01/2019 3:29,1721.04,25.8
01/01/2019 3:30,1741.95,26.8
01/01/2019 3:31,1750.77,27.6
01/01/2019 3:32,1799.28,26.1
01/01/2019 3:33,1664.78,26.6
01/01/2019 3:34,1662.57,25.8
01/01/2019 3:35,1781.64,25.8
01/01/2019 3:36,1741.95,26.8
01/01/2019 3:37,1783.85,25.7
01/01/2019 3:38,1730.93,26.6
01/01/2019 3:39,1793.48,26.3
01/01/2019 3:40,1789.09,27.4
01/01/2019 3:41,1751.77,24.2
01/01/2019 3:42,1688.11,25.4
01/01/2019 3:43,1681.52,25.6
01/01/2019 3:44,1674.94,25.6
01/01/2019 3:45,1670.55,27.5
01/01/2019 3:46,1677.13,27.6
01/01/2019 3:47,1683.72,26.9
01/01/2019 3:48,1767.14,24.9
01/01/2019 3:49,1721.04,26.2
01/01/2019 3:50,1723.23,26.8
01/01/2019 3:51,1694.69,26.7
01/01/2019 3:52,1749.57,27.4
01/01/2019 3:53,1681.52,28.4
01/01/2019 3:54,1716.65,27
01/01/2019 3:55,1763.62,27.9
01/01/2019 3:56,1767.14,26.2
01/01/2019 3:57,1721.04,25.9
01/01/2019 3:58,1688.11,26
01/01/2019 3:59,1689.31,25.6
01/01/2019 4:00,1700.24,25.8
01/01/2019 4:01,1711.17,26.8
01/01/2019 4:02,1674.02,27.6
01/01/2019 4:03,1678.39,26.1
01/01/2019 4:04,1691.5,26.6
01/01/2019 4:05,1698.06,25.8
01/01/2019 4:06,1737.39,25.8
01/01/2019 4:07,1708.98,26.8
01/01/2019 4:08,1722.1,25.7
01/01/2019 4:09,1687.13,26.6
01/01/2019 4:10,1713.35,26.3
01/01/2019 4:11,1710.02,27.4
01/01/2019 4:12,1798.58,24.2
01/01/2019 4:13,1671.83,25.4
01/01/2019 4:14,1853.22,25.6
01/01/2019 4:15,1783.99,25.6
01/01/2019 4:16,1738.3,27.5
01/01/2019 4:17,1827.5,27.6
01/01/2019 4:18,1818.8,26.9
01/01/2019 4:19,1712.2,24.9
01/01/2019 4:20,1790.52,26.2
01/01/2019 4:21,1707.85,26.8
01/01/2019 4:22,1838.76,26.7
01/01/2019 4:23,1715.31,27.4
01/01/2019 4:24,1806.28,28.4
01/01/2019 4:25,1742.66,27
01/01/2019 4:26,1721.81,27.9
01/01/2019 4:27,1791.12,26.2
01/01/2019 4:28,1795.45,25.9
01/01/2019 4:29,1732.64,26
01/01/2019 4:30,1842.59,25.6
01/01/2019 4:31,1836.05,25.8
01/01/2019 4:32,1868.72,26.8
01/01/2019 4:33,1737.74,27.6
01/01/2019 4:34,1888.42,26.1
01/01/2019 4:35,1744.86,26.6
01/01/2019 4:36,1738.42,25.8
01/01/2019 4:37,1738.42,25.8
01/01/2019 4:38,1749.15,26.8
01/01/2019 4:39,1807.39,25.7
01/01/2019 4:40,1838.76,26.6
01/01/2019 4:41,1724.8,26.3
01/01/2019 4:42,1802.42,27.4
01/01/2019 4:43,1752.83,24.2
01/01/2019 4:44,1711.86,25.4
01/01/2019 4:45,1703.24,25.6
01/01/2019 4:46,1719.65,25.6
01/01/2019 4:47,1708.82,27.5
01/01/2019 4:48,1723.98,27.6
01/01/2019 4:49,1788.95,26.9
01/01/2019 4:50,1765.13,24.9
01/01/2019 4:51,1741.3,26.2
01/01/2019 4:52,1745.63,26.8
01/01/2019 4:53,1739.14,26.7
01/01/2019 4:54,1832.27,27.4
01/01/2019 4:55,1794.87,28.4
01/01/2019 4:56,1783.99,27
01/01/2019 4:57,1714.37,27.9
01/01/2019 4:58,1714.37,26.2
01/01/2019 4:59,1733.95,25.9
01/01/2019 5:00,1756.46,26
01/01/2019 5:01,1721.81,25.6
01/01/2019 5:02,1693.66,25.8
01/01/2019 5:03,1747.8,26.8
01/01/2019 5:04,1929.73,27.6
01/01/2019 5:05,1736.13,26.1
01/01/2019 5:06,1755.71,26.6
01/01/2019 5:07,1739.14,25.8
01/01/2019 5:08,1806.28,25.8
01/01/2019 5:09,1756.46,26.8
01/01/2019 5:10,1731.78,25.7
01/01/2019 5:11,1850.96,26.6
01/01/2019 5:12,1812.77,26.3
01/01/2019 5:13,1745.63,27.4
01/01/2019 5:14,1745.63,24.2
01/01/2019 5:15,1938.48,25.4
01/01/2019 5:16,1745.63,25.6
01/01/2019 5:17,1749.97,25.6
01/01/2019 5:18,1823.6,27.5
01/01/2019 5:19,1940.67,27.6
01/01/2019 5:20,1817.11,26.9
01/01/2019 5:21,1899.1,24.9
01/01/2019 5:22,1799.78,26.2
01/01/2019 5:23,1953.79,26.8
01/01/2019 5:24,1747.8,26.7
01/01/2019 5:25,1884.25,27.4
01/01/2019 5:26,1773.79,28.4
01/01/2019 5:27,1730.47,27
01/01/2019 5:28,1797.61,27.9
01/01/2019 5:29,1754.3,26.2
01/01/2019 5:30,1843.1,25.9
01/01/2019 5:31,1756.46,26
01/01/2019 5:32,1821.44,25.6
01/01/2019 5:33,1819.27,25.8
01/01/2019 5:34,1784.62,26.8
01/01/2019 5:35,1749.97,27.6
01/01/2019 5:36,1736.13,26.1
01/01/2019 5:37,1762.24,26.6
01/01/2019 5:38,1872.84,25.8
01/01/2019 5:39,1739.14,25.8
01/01/2019 5:40,1936.29,26.8
01/01/2019 5:41,1894.72,25.7
01/01/2019 5:42,1920.98,26.6
01/01/2019 5:43,1990.99,26.3
01/01/2019 5:44,1805.02,27.4
01/01/2019 5:45,1825.77,24.2
01/01/2019 5:46,1775.29,25.4
01/01/2019 5:47,1766.59,25.6
01/01/2019 5:48,1901.1,25.6
01/01/2019 5:49,1842.73,27.5
01/01/2019 5:50,1866.66,27.6
01/01/2019 5:51,1796.4,26.9
01/01/2019 5:52,1757.88,24.9
01/01/2019 5:53,1942.86,26.2
01/01/2019 5:54,1792.69,26.8
01/01/2019 5:55,1916.48,26.7
01/01/2019 5:56,1775.29,27.4
01/01/2019 5:57,1777.47,28.4
01/01/2019 5:58,1816.07,27
01/01/2019 5:59,1832.99,27.9
01/01/2019 6:00,1802.26,26.2
01/01/2019 6:01,1857.14,25.9
01/01/2019 6:02,1806.65,26
01/01/2019 6:03,1811.04,25.6
01/01/2019 6:04,1830.8,25.8
01/01/2019 6:05,1747.38,26.8
01/01/2019 6:06,1864.15,27.6
01/01/2019 6:07,1805.14,26.1
01/01/2019 6:08,1851.03,26.6
01/01/2019 6:09,1819.82,25.8
01/01/2019 6:10,1808.84,25.8
01/01/2019 6:11,1819.82,26.8
01/01/2019 6:12,1721.04,25.7
01/01/2019 6:13,1800.06,26.6
01/01/2019 6:14,1771.53,26.3
01/01/2019 6:15,1760.55,27.4
01/01/2019 6:16,1790.44,24.2
01/01/2019 6:17,1676.51,25.4
01/01/2019 6:18,1803.69,25.6
01/01/2019 6:19,1854.47,25.6
01/01/2019 6:20,1894.21,27.5
01/01/2019 6:21,1829.52,27.6
01/01/2019 6:22,1860.57,26.9
01/01/2019 6:23,1820.65,24.9
01/01/2019 6:24,1789.6,26.2
01/01/2019 6:25,1811.78,26.8
01/01/2019 6:26,1767.43,26.7
01/01/2019 6:27,1786.03,27.4
01/01/2019 6:28,1760.77,28.4
01/01/2019 6:29,1756.04,27
01/01/2019 6:30,1846.15,27.9
01/01/2019 6:31,1767.03,26.2
01/01/2019 6:32,1736.26,25.9
01/01/2019 6:33,1773.62,26
01/01/2019 6:34,1791.21,25.6
01/01/2019 6:35,1929.67,25.8
01/01/2019 6:36,1764.83,26.8
01/01/2019 6:37,1927.47,27.6
01/01/2019 6:38,1854.94,26.1
01/01/2019 6:39,1824.17,26.6
01/01/2019 6:40,1854.94,25.8
01/01/2019 6:41,1808.79,25.8
01/01/2019 6:42,1752.91,26.8
01/01/2019 6:43,1702.14,25.7
01/01/2019 6:44,1737.46,26.6
01/01/2019 6:45,1803.69,26.3
01/01/2019 6:46,1867.71,27.4
01/01/2019 6:47,1785.47,24.2
01/01/2019 6:48,1782.5,25.4
01/01/2019 6:49,1740.79,25.6
01/01/2019 6:50,1761.43,25.6
01/01/2019 6:51,1770.17,27.5
01/01/2019 6:52,1764.94,27.6
01/01/2019 6:53,1842.29,26.9
01/01/2019 6:54,1781.1,24.9
01/01/2019 6:55,1695.87,26.2
01/01/2019 6:56,1717.72,26.8
01/01/2019 6:57,1763.62,26.7
01/01/2019 6:58,1754.88,27.4
01/01/2019 6:59,1698.06,28.4
01/01/2019 7:00,1725.81,27
01/01/2019 7:01,1598.65,27.9
01/01/2019 7:02,1647.76,26.2
01/01/2019 7:03,1669.44,25.9
01/01/2019 7:04,1675.94,26
01/01/2019 7:05,1707.55,25.6
01/01/2019 7:06,1608.38,25.8
01/01/2019 7:07,1639.51,26.8
01/01/2019 7:08,1649.34,27.6
01/01/2019 7:09,1650.34,26.1
01/01/2019 7:10,1625.62,26.6
01/01/2019 7:11,1624.35,25.8
01/01/2019 7:12,1651.5,25.8
01/01/2019 7:13,1626.52,26.8
01/01/2019 7:14,1680.66,25.7
01/01/2019 7:15,1642.58,26.6
01/01/2019 7:16,1642.21,26.3
01/01/2019 7:17,1620.43,27.4
01/01/2019 7:18,1663.99,24.2
01/01/2019 7:19,1646.57,25.4
01/01/2019 7:20,1642.21,25.6
01/01/2019 7:21,1620.43,25.6
01/01/2019 7:22,1625.61,27.5
01/01/2019 7:23,1664.99,27.6
01/01/2019 7:24,1686.87,26.9
01/01/2019 7:25,1658.43,24.9
01/01/2019 7:26,1645.3,26.2
01/01/2019 7:27,1634.36,26.8
01/01/2019 7:28,1656.24,26.7
01/01/2019 7:29,1668.35,27.4
01/01/2019 7:30,1644.39,28.4
01/01/2019 7:31,1655.28,27
01/01/2019 7:32,1694.48,27.9
01/01/2019 7:33,1690.13,26.2
01/01/2019 7:34,1696.66,25.9
01/01/2019 7:35,1683.59,26
01/01/2019 7:36,1642.21,25.6
01/01/2019 7:37,1655.28,25.8
01/01/2019 7:38,1685.77,26.8
01/01/2019 7:39,1683.59,27.6
01/01/2019 7:40,1748.93,26.1
01/01/2019 7:41,1674.88,26.6
01/01/2019 7:42,1730.14,25.8
01/01/2019 7:43,1703.2,25.8
01/01/2019 7:44,1671.61,26.8
01/01/2019 7:45,1680.28,25.7
01/01/2019 7:46,1701.96,26.6
01/01/2019 7:47,1677.37,26.3
01/01/2019 7:48,1724.8,27.4
01/01/2019 7:49,1700.15,24.2
01/01/2019 7:50,1688.15,25.4
01/01/2019 7:51,1684.99,25.6
01/01/2019 7:52,1690.3,25.6
01/01/2019 7:53,1650.34,27.5
01/01/2019 7:54,1716.18,27.6
01/01/2019 7:55,1744.2,26.9
01/01/2019 7:56,1690.3,24.9
01/01/2019 7:57,1670.9,26.2
01/01/2019 7:58,1680.47,26.8
01/01/2019 7:59,1647.18,26.7
01/01/2019 8:00,1686.91,27.4
01/01/2019 8:01,1653.65,28.4
01/01/2019 8:02,1718.33,27
01/01/2019 8:03,1793.79,27.9
01/01/2019 8:04,1668.74,26.2
01/01/2019 8:05,1649.34,25.9
01/01/2019 8:06,1660.12,26
01/01/2019 8:07,1680.47,25.6
01/01/2019 8:08,1682.62,25.8
01/01/2019 8:09,1677.37,26.8
01/01/2019 8:10,1690.3,27.6
01/01/2019 8:11,1676.33,26.1
01/01/2019 8:12,1682.83,26.6
01/01/2019 8:13,1690.44,25.8
01/01/2019 8:14,1657.81,25.8
01/01/2019 8:15,1699.14,26.8
01/01/2019 8:16,1681.74,25.7
01/01/2019 8:17,1677.39,26.6
01/01/2019 8:18,1699.14,26.3
01/01/2019 8:19,1664.33,27.4
01/01/2019 8:20,1659.98,24.2
01/01/2019 8:21,1668.69,25.4
01/01/2019 8:22,1743.47,25.6
01/01/2019 8:23,1758.63,25.6
01/01/2019 8:24,1683.91,27.5
01/01/2019 8:25,1691.49,27.6
01/01/2019 8:26,1676.33,26.9
01/01/2019 8:27,1687.16,24.9
01/01/2019 8:28,1767.92,26.2
01/01/2019 8:29,1667.67,26.8
01/01/2019 8:30,1676.33,26.7
01/01/2019 8:31,1717.48,27.4
01/01/2019 8:32,1706.65,28.4
01/01/2019 8:33,1783.01,27
01/01/2019 8:34,1836.91,27.9
01/01/2019 8:35,1706.65,26.2
01/01/2019 8:36,1672,25.9
01/01/2019 8:37,1697.99,26
01/01/2019 8:38,1714.02,25.6
01/01/2019 8:39,1679.52,25.8
01/01/2019 8:40,1685.99,26.8
01/01/2019 8:41,1754.98,27.6
01/01/2019 8:42,1681.74,26.1
01/01/2019 8:43,1669.65,26.6
01/01/2019 8:44,1671.83,25.8
01/01/2019 8:45,1670.86,25.8
01/01/2019 8:46,1680.57,26.8
01/01/2019 8:47,1762.64,25.7
01/01/2019 8:48,1701.1,26.6
01/01/2019 8:49,1694.5,26.3
01/01/2019 8:50,1683.51,27.4
01/01/2019 8:51,1687.91,24.2
01/01/2019 8:52,1681.32,25.4
01/01/2019 8:53,1716.48,25.6
01/01/2019 8:54,1767.82,25.6
01/01/2019 8:55,1821.98,27.5
01/01/2019 8:56,1859.72,27.6
01/01/2019 8:57,1735,26.9
01/01/2019 8:58,1770.01,24.9
01/01/2019 8:59,1822.52,26.2
01/01/2019 9:00,1800.64,26.8
01/01/2019 9:01,1780.22,26.7
01/01/2019 9:02,1696.7,27.4
01/01/2019 9:03,1729.67,28.4
01/01/2019 9:04,1720.88,27
01/01/2019 9:05,1756.04,27.9
01/01/2019 9:06,1716.48,26.2
01/01/2019 9:07,1764.83,25.9
01/01/2019 9:08,1770.01,26
01/01/2019 9:09,1756.88,25.6
01/01/2019 9:10,1756.88,25.8
01/01/2019 9:11,1730.63,26.8
01/01/2019 9:12,1745.94,27.6
01/01/2019 9:13,1800.64,26.1
01/01/2019 9:14,1735,26.6
01/01/2019 9:15,1735,25.8
01/01/2019 9:16,1859.72,25.8
01/01/2019 9:17,1731.87,26.8
01/01/2019 9:18,1698.9,25.7
01/01/2019 9:19,1717.5,26.6
01/01/2019 9:20,1817.58,26.3
01/01/2019 9:21,1745.05,27.4
01/01/2019 9:22,1720.88,24.2
01/01/2019 9:23,1731.87,25.4
01/01/2019 9:24,1743.76,25.6
01/01/2019 9:25,1791.89,25.6
01/01/2019 9:26,1708.75,27.5
01/01/2019 9:27,1765.64,27.6
01/01/2019 9:28,1738.46,26.9
01/01/2019 9:29,1791.89,24.9
01/01/2019 9:30,1764.83,26.2
01/01/2019 9:31,1749.45,26.8
01/01/2019 9:32,1741.57,26.7
01/01/2019 9:33,1780.22,27.4
01/01/2019 9:34,1786.81,28.4
01/01/2019 9:35,1751.65,27
01/01/2019 9:36,1710.94,27.9
01/01/2019 9:37,1753.84,26.2
01/01/2019 9:38,1802.2,25.9
01/01/2019 9:39,1763.45,26
01/01/2019 9:40,1896.7,25.6
01/01/2019 9:41,1738.46,25.8
01/01/2019 9:42,1819.78,26.8
01/01/2019 9:43,1762.64,27.6
01/01/2019 9:44,1770.01,26.1
01/01/2019 9:45,1813.19,26.6
01/01/2019 9:46,1731.87,25.8
01/01/2019 9:47,1733.95,25.8
01/01/2019 9:48,1768.76,26.8
01/01/2019 9:49,1702.43,25.7
01/01/2019 9:50,1702.43,26.6
01/01/2019 9:51,1710.02,26.3
01/01/2019 9:52,1722.1,27.4
01/01/2019 9:53,1726.47,24.2
01/01/2019 9:54,1689.31,25.4
01/01/2019 9:55,1833.55,25.6
01/01/2019 9:56,1722.1,25.6
01/01/2019 9:57,1739.58,27.5
01/01/2019 9:58,1816.07,27.6
01/01/2019 9:59,1695.87,26.9
01/01/2019 10:00,1746.13,24.9
01/01/2019 10:01,1840.11,26.2
01/01/2019 10:02,1787.66,26.8
01/01/2019 10:03,1782.5,26.7
01/01/2019 10:04,1764.94,27.4
01/01/2019 10:05,1757.06,28.4
01/01/2019 10:06,1692.5,27
01/01/2019 10:07,1717.72,27.9
01/01/2019 10:08,1761.43,26.2
01/01/2019 10:09,1715.54,25.9
01/01/2019 10:10,1729.82,26
01/01/2019 10:11,1770.17,25.6
01/01/2019 10:12,1691.5,25.8
01/01/2019 10:13,1738.6,26.8
01/01/2019 10:14,1701.28,27.6
01/01/2019 10:15,1802.26,26.1
01/01/2019 10:16,1696.89,26.6
01/01/2019 10:17,1692.5,25.8
01/01/2019 10:18,1830.8,25.8
01/01/2019 10:19,1692.5,26.8
01/01/2019 10:20,1701.28,25.7
01/01/2019 10:21,1793.48,26.6
01/01/2019 10:22,1710.06,26.3
01/01/2019 10:23,1695.65,27.4
01/01/2019 10:24,1727.62,24.2
01/01/2019 10:25,1693.44,25.4
01/01/2019 10:26,1750.77,25.6
01/01/2019 10:27,1700.97,25.6
01/01/2019 10:28,1702.26,27.5
01/01/2019 10:29,1733.13,27.6
01/01/2019 10:30,1747.48,26.9
01/01/2019 10:31,1747.48,24.9
01/01/2019 10:32,1746.36,26.2
01/01/2019 10:33,1720.9,26.8
01/01/2019 10:34,1716.65,26.7
01/01/2019 10:35,1690.3,27.4
01/01/2019 10:36,1690.3,28.4
01/01/2019 10:37,1735.21,27
01/01/2019 10:38,1763.62,27.9
01/01/2019 10:39,1747.01,26.2
01/01/2019 10:40,1840.56,25.9
01/01/2019 10:41,1794.21,26
01/01/2019 10:42,1707.87,25.6
01/01/2019 10:43,1789.09,25.8
01/01/2019 10:44,1716.65,26.8
01/01/2019 10:45,1776.73,27.6
01/01/2019 10:46,1732.01,26.1
01/01/2019 10:47,1708.98,26.6
01/01/2019 10:48,1787.66,25.8
01/01/2019 10:49,1748.32,25.8
01/01/2019 10:50,1698.06,26.8
01/01/2019 10:51,1907.85,25.7
01/01/2019 10:52,1776.73,26.6
01/01/2019 10:53,1776.73,26.3
01/01/2019 10:54,1855.4,27.4
01/01/2019 10:55,1708.98,24.2
01/01/2019 10:56,1752.69,25.4
01/01/2019 10:57,1783.99,25.6
01/01/2019 10:58,1719.91,25.6
01/01/2019 10:59,1820.44,27.5
01/01/2019 11:00,1770.94,27.6
01/01/2019 11:01,1735.21,26.9
01/01/2019 11:02,1779.64,24.9
01/01/2019 11:03,1770.94,26.2
01/01/2019 11:04,1757.88,26.8
01/01/2019 11:05,1733.95,26.7
01/01/2019 11:06,1838.38,27.4
01/01/2019 11:07,1725.25,28.4
01/01/2019 11:08,1858.26,27
01/01/2019 11:09,1831.86,27.9
01/01/2019 11:10,1819.27,26.2
01/01/2019 11:11,1838.76,25.9
01/01/2019 11:12,1864.75,26
01/01/2019 11:13,1888.16,25.6
01/01/2019 11:14,1790.52,25.8
01/01/2019 11:15,1775.96,26.8
01/01/2019 11:16,1812.77,27.6
01/01/2019 11:17,1868.47,26.1
01/01/2019 11:18,1855.34,26.6
01/01/2019 11:19,1747.8,25.8
01/01/2019 11:20,1795.45,25.8
01/01/2019 11:21,1851.76,26.8
01/01/2019 11:22,1773.79,25.7
01/01/2019 11:23,1758.63,26.6
01/01/2019 11:24,1849.12,26.3
01/01/2019 11:25,1788.95,27.4
01/01/2019 11:26,1775.96,24.2
01/01/2019 11:27,1773.79,25.4
01/01/2019 11:28,1776.54,25.6
01/01/2019 11:29,1812.1,25.6
01/01/2019 11:30,1774.39,27.5
01/01/2019 11:31,1853.48,27.6
01/01/2019 11:32,1768.47,26.9
01/01/2019 11:33,1845.54,24.9
01/01/2019 11:34,1757.74,26.2
01/01/2019 11:35,1827.94,26.8
01/01/2019 11:36,1773.79,26.7
01/01/2019 11:37,1819.27,27.4
01/01/2019 11:38,1834.76,28.4
01/01/2019 11:39,1844.77,27
01/01/2019 11:40,1778.7,27.9
01/01/2019 11:41,1808.44,26.2
01/01/2019 11:42,1824.71,25.9
01/01/2019 11:43,1757.14,26
01/01/2019 11:44,1757.14,25.6
01/01/2019 11:45,1731.27,25.8
01/01/2019 11:46,1735.58,26.8
01/01/2019 11:47,1742.66,27.6
01/01/2019 11:48,1883.51,26.1
01/01/2019 11:49,1783.99,26.6
01/01/2019 11:50,1894.5,25.8
01/01/2019 11:51,1736.13,25.8
01/01/2019 11:52,1812.27,26.8
01/01/2019 11:53,1773.11,25.7
01/01/2019 11:54,1751.36,26.6
01/01/2019 11:55,1788.34,26.3
01/01/2019 11:56,1840.56,27.4
01/01/2019 11:57,1729.6,24.2
01/01/2019 11:58,1720.9,25.4
01/01/2019 11:59,1739.14,25.6
01/01/2019 12:00,1875.58,25.6
01/01/2019 12:01,1814.94,27.5
01/01/2019 12:02,1773.79,27.6
01/01/2019 12:03,1890.5,26.9
01/01/2019 12:04,1793.79,24.9
01/01/2019 12:05,1763.61,26.2
01/01/2019 12:06,1749.97,26.8
01/01/2019 12:07,1730.47,26.7
01/01/2019 12:08,1748.52,27.4
01/01/2019 12:09,1783.01,28.4
01/01/2019 12:10,1724.8,27
01/01/2019 12:11,1767.92,27.9
01/01/2019 12:12,1757.74,26.2
01/01/2019 12:13,1774.39,25.9
01/01/2019 12:14,1802.81,26
01/01/2019 12:15,1761.45,25.6
01/01/2019 12:16,1905.76,25.8
01/01/2019 12:17,1862.4,26.8
01/01/2019 12:18,1914.43,27.6
01/01/2019 12:19,1772.23,26.1
01/01/2019 12:20,1754.98,26.6
01/01/2019 12:21,1776.54,25.8
01/01/2019 12:22,1772.23,25.8
01/01/2019 12:23,1759.3,26.8
01/01/2019 12:24,1780.29,25.7
01/01/2019 12:25,1784.62,26.6
01/01/2019 12:26,1747.8,26.3
01/01/2019 12:27,1754.3,27.4
01/01/2019 12:28,1758.63,24.2
01/01/2019 12:29,1866.92,25.4
01/01/2019 12:30,1806.28,25.6
01/01/2019 12:31,1925.35,25.6
01/01/2019 12:32,1804.11,27.5
01/01/2019 12:33,1931.92,27.6
01/01/2019 12:34,1888.16,26.9
01/01/2019 12:35,1737.74,24.9
01/01/2019 12:36,1897.24,26.2
01/01/2019 12:37,1953.67,26.8
01/01/2019 12:38,1864.37,26.7
01/01/2019 12:39,1849.59,27.4
01/01/2019 12:40,1762.96,28.4
01/01/2019 12:41,1791.12,27
01/01/2019 12:42,1748.52,27.9
01/01/2019 12:43,1775.96,26.2
01/01/2019 12:44,1762.96,25.9
01/01/2019 12:45,1849.59,26
01/01/2019 12:46,1793.28,25.6
01/01/2019 12:47,1765.13,25.8
01/01/2019 12:48,1767.29,26.8
01/01/2019 12:49,1795.45,27.6
01/01/2019 12:50,1806.28,26.1
01/01/2019 12:51,1760.8,26.6
01/01/2019 12:52,1773.79,25.8
01/01/2019 12:53,1749.97,25.8
01/01/2019 12:54,1745.63,26.8
01/01/2019 12:55,1784.62,25.7
01/01/2019 12:56,1842.59,26.6
01/01/2019 12:57,1747.8,26.3
01/01/2019 12:58,1808.44,27.4
01/01/2019 12:59,1797.61,24.2
01/01/2019 13:00,1742.66,25.4
01/01/2019 13:01,1742.66,25.6
01/01/2019 13:02,1832.27,25.6
01/01/2019 13:03,1864.75,27.5
01/01/2019 13:04,1784.62,27.6
01/01/2019 13:05,1758.63,26.9
01/01/2019 13:06,1802.42,24.9
01/01/2019 13:07,1780.29,26.2
01/01/2019 13:08,1788.95,26.8
01/01/2019 13:09,1806.28,26.7
01/01/2019 13:10,1804.11,27.4
01/01/2019 13:11,1773.79,28.4
01/01/2019 13:12,1742.66,27
01/01/2019 13:13,1728.31,27.9
01/01/2019 13:14,1870.9,26.2
01/01/2019 13:15,1717.48,25.9
01/01/2019 13:16,1750.32,26
01/01/2019 13:17,1682.5,25.6
01/01/2019 13:18,1713.13,25.8
01/01/2019 13:19,1745.94,26.8
01/01/2019 13:20,1694.5,27.6
01/01/2019 13:21,1715.38,26.1
01/01/2019 13:22,1750.71,26.6
01/01/2019 13:23,1728.63,25.8
01/01/2019 13:24,1792.65,25.8
01/01/2019 13:25,1702.14,26.8
01/01/2019 13:26,1719.8,25.7
01/01/2019 13:27,1708.76,26.6
01/01/2019 13:28,1724.21,26.3
01/01/2019 13:29,1713.18,27.4
01/01/2019 13:30,1706.55,24.2
01/01/2019 13:31,1733.04,25.4
01/01/2019 13:32,1841.22,25.6
01/01/2019 13:33,1784.61,25.6
01/01/2019 13:34,1742.86,27.5
01/01/2019 13:35,1706.55,27.6
01/01/2019 13:36,1707.69,26.9
01/01/2019 13:37,1706.55,24.9
01/01/2019 13:38,1725.27,26.2
01/01/2019 13:39,1684.48,26.8
01/01/2019 13:40,1800,26.7
01/01/2019 13:41,1725.27,27.4
01/01/2019 13:42,1701.1,28.4
01/01/2019 13:43,1852.75,27
01/01/2019 13:44,1753.84,27.9
01/01/2019 13:45,1719.8,26.2
01/01/2019 13:46,1708.76,25.9
01/01/2019 13:47,1791.28,26
01/01/2019 13:48,1734.21,25.6
01/01/2019 13:49,1756.16,25.8
01/01/2019 13:50,1782.5,26.8
01/01/2019 13:51,1835.19,27.6
01/01/2019 13:52,1740.79,26.1
01/01/2019 13:53,1760.55,26.6
01/01/2019 13:54,1740.79,25.8
01/01/2019 13:55,1713.29,25.8
01/01/2019 13:56,1739.75,26.8
01/01/2019 13:57,1748.57,25.7
01/01/2019 13:58,1717.7,26.6
01/01/2019 13:59,1786.89,26.3
01/01/2019 14:00,1538.84,27.4
01/01/2019 14:01,1538.52,24.2
01/01/2019 14:02,1584.42,25.4
01/01/2019 14:03,1575.67,25.6
01/01/2019 14:04,1623.75,25.6
01/01/2019 14:05,1592.54,27.5
01/01/2019 14:06,1615.69,27.6
01/01/2019 14:07,1583.2,26.9
01/01/2019 14:08,1596.89,24.9
01/01/2019 14:09,1590.36,26.2
01/01/2019 14:10,1630.85,26.8
01/01/2019 14:11,1614.3,26.7
01/01/2019 14:12,1601.24,27.4
01/01/2019 14:13,1592.54,28.4
01/01/2019 14:14,1628.68,27
01/01/2019 14:15,1609.19,27.9
01/01/2019 14:16,1590.36,26.2
01/01/2019 14:17,1592.54,25.9
01/01/2019 14:18,1669.83,26
01/01/2019 14:19,1602.69,25.6
01/01/2019 14:20,1596.19,25.8
01/01/2019 14:21,1639.51,26.8
01/01/2019 14:22,1652.51,27.6
01/01/2019 14:23,1665.5,26.1
01/01/2019 14:24,1650.34,26.6
01/01/2019 14:25,1691.49,25.8
01/01/2019 14:26,1633.01,25.8
01/01/2019 14:27,1728.31,26.8
01/01/2019 14:28,1613.52,25.7
01/01/2019 14:29,1609.19,26.6
01/01/2019 14:30,1611.36,26.3
01/01/2019 14:31,1596.19,27.4
01/01/2019 14:32,1606.22,24.2
01/01/2019 14:33,1614.84,25.4
01/01/2019 14:34,1612.69,25.6
01/01/2019 14:35,1642.87,25.6
01/01/2019 14:36,1652.57,27.5
01/01/2019 14:37,1678.33,27.6
01/01/2019 14:38,1678.33,26.9
01/01/2019 14:39,1639.7,24.9
01/01/2019 14:40,1632.09,26.2
01/01/2019 14:41,1646.14,26.8
01/01/2019 14:42,1635.4,26.7
01/01/2019 14:43,1659.98,27.4
01/01/2019 14:44,1649.3,28.4
01/01/2019 14:45,1637.55,27
01/01/2019 14:46,1669.74,27.9
01/01/2019 14:47,1661.16,26.2
01/01/2019 14:48,1620.38,25.9
01/01/2019 14:49,1659.01,26
01/01/2019 14:50,1645.03,25.6
01/01/2019 14:51,1649.3,25.8
01/01/2019 14:52,1659.98,26.8
01/01/2019 14:53,1749.71,27.6
01/01/2019 14:54,1698.44,26.1
01/01/2019 14:55,1711.26,26.6
01/01/2019 14:56,1702.71,25.8
01/01/2019 14:57,1649.3,25.8
01/01/2019 14:58,1670.66,26.8
01/01/2019 14:59,1662.12,25.7
01/01/2019 15:00,1771.08,26.6
01/01/2019 15:01,1849.69,26.3
01/01/2019 15:02,1753.98,27.4
01/01/2019 15:03,1670.66,24.2
01/01/2019 15:04,1645.99,25.4
01/01/2019 15:05,1699.15,25.6
01/01/2019 15:06,1705.53,25.6
01/01/2019 15:07,1673.63,27.5
01/01/2019 15:08,1694.9,27.6
01/01/2019 15:09,1686.39,26.9
01/01/2019 15:10,1791.98,24.9
01/01/2019 15:11,1898.9,26.2
01/01/2019 15:12,1722.55,26.8
01/01/2019 15:13,1793.83,26.7
01/01/2019 15:14,1777.01,27.4
01/01/2019 15:15,1735.83,28.4
01/01/2019 15:16,1731.54,27
01/01/2019 15:17,1720.96,27.9
01/01/2019 15:18,1697.03,26.2
01/01/2019 15:19,1689.21,25.9
01/01/2019 15:20,1758.7,26
01/01/2019 15:21,1711.91,25.6
01/01/2019 15:22,1802.42,25.8
01/01/2019 15:23,1845.39,26.8
01/01/2019 15:24,1875.38,27.6
01/01/2019 15:25,1704.02,26.1
01/01/2019 15:26,1680.74,26.6
01/01/2019 15:27,1699.79,25.8
01/01/2019 15:28,1787.78,25.8
01/01/2019 15:29,1693.35,26.8
01/01/2019 15:30,1779.2,25.7
01/01/2019 15:31,1753.98,26.6
01/01/2019 15:32,1759.88,26.3
01/01/2019 15:33,1685.62,27.4
01/01/2019 15:34,1700.57,24.2
01/01/2019 15:35,1711.26,25.4
01/01/2019 15:36,1700.57,25.6
01/01/2019 15:37,1709.12,25.6
01/01/2019 15:38,1739.03,27.5
01/01/2019 15:39,1730.48,27.6
01/01/2019 15:40,1713.39,26.9
01/01/2019 15:41,1830.35,24.9
01/01/2019 15:42,1705.53,26.2
01/01/2019 15:43,1869.02,26.8
01/01/2019 15:44,1836.8,26.7
01/01/2019 15:45,1847.54,27.4
01/01/2019 15:46,1703.41,28.4
01/01/2019 15:47,1785.24,27
01/01/2019 15:48,1866.82,27.9
01/01/2019 15:49,1732.62,26.2
01/01/2019 15:50,1709.79,25.9
01/01/2019 15:51,1836.8,26
01/01/2019 15:52,1866.87,25.6
01/01/2019 15:53,1711.91,25.8
01/01/2019 15:54,1898.9,26.8
01/01/2019 15:55,1808.87,27.6
01/01/2019 15:56,1881.79,26.1
01/01/2019 15:57,1778.79,26.6
01/01/2019 15:58,1718.64,25.8
01/01/2019 15:59,1720.42,25.8
01/01/2019 16:00,1785.56,26.8
01/01/2019 16:01,1772.35,25.7
01/01/2019 16:02,1755.63,26.6
01/01/2019 16:03,1794.12,26.3
01/01/2019 16:04,1716.17,27.4
01/01/2019 16:05,1793.83,24.2
01/01/2019 16:06,1747.58,25.4
01/01/2019 16:07,1815.05,25.6
01/01/2019 16:08,1747.58,25.6
01/01/2019 16:09,1817.46,27.5
01/01/2019 16:10,1775.35,27.6
01/01/2019 16:11,1709.12,26.9
01/01/2019 16:12,1757.31,24.9
01/01/2019 16:13,1828.2,26.2
01/01/2019 16:14,1935.25,26.8
01/01/2019 16:15,1858.27,26.7
01/01/2019 16:16,1766.32,27.4
01/01/2019 16:17,1720.42,28.4
01/01/2019 16:18,1830.35,27
01/01/2019 16:19,1701.28,27.9
01/01/2019 16:20,1707.66,26.2
01/01/2019 16:21,1711.26,25.9
01/01/2019 16:22,1692.03,26
01/01/2019 16:23,1670.66,25.6
01/01/2019 16:24,1812.89,25.8
01/01/2019 16:25,1834.65,26.8
01/01/2019 16:26,1749.71,27.6
01/01/2019 16:27,1819.36,26.1
01/01/2019 16:28,1745.44,26.6
01/01/2019 16:29,1768.05,25.8
01/01/2019 16:30,1754.62,25.8
01/01/2019 16:31,1730.48,26.8
01/01/2019 16:32,1764.67,25.7
01/01/2019 16:33,1802.42,26.6
01/01/2019 16:34,1802.42,26.3
01/01/2019 16:35,1802.42,27.4
01/01/2019 16:36,1802.42,24.2
01/01/2019 16:37,1559.67,25.4
01/01/2019 16:38,1624.11,25.6
01/01/2019 16:39,1576.85,25.6
01/01/2019 16:40,1828.2,27.5
01/01/2019 16:41,1778.36,27.6
01/01/2019 16:42,1886.27,26.9
01/01/2019 16:43,1899.1,24.9
01/01/2019 16:44,1727.23,26.2
01/01/2019 16:45,1759.46,26.8
01/01/2019 16:46,1832.5,26.7
01/01/2019 16:47,1735.83,27.4
01/01/2019 16:48,1740.12,28.4
01/01/2019 16:49,1830.35,27
01/01/2019 16:50,1785.56,27.9
01/01/2019 16:51,1804.57,26.2
01/01/2019 16:52,1738.52,25.9
01/01/2019 16:53,1783.09,26
01/01/2019 16:54,1765.9,25.6
01/01/2019 16:55,1916.28,25.8
01/01/2019 16:56,1714.34,26.8
01/01/2019 16:57,1886.21,27.6
01/01/2019 16:58,1752.46,26.1
01/01/2019 16:59,1914.32,26.6
01/01/2019 17:00,1756.77,25.8
01/01/2019 17:01,1740.12,25.8
01/01/2019 17:02,1722.94,26.8
01/01/2019 17:03,1742.27,25.7
01/01/2019 17:04,1842.89,26.6
01/01/2019 17:05,1750.3,26.3
01/01/2019 17:06,1815.05,27.4
01/01/2019 17:07,1741.67,24.2
01/01/2019 17:08,1858.21,25.4
01/01/2019 17:09,1821.2,25.6
01/01/2019 17:10,1832.31,25.6
01/01/2019 17:11,1802.1,27.5
01/01/2019 17:12,1735.19,27.6
01/01/2019 17:13,1754.62,26.9
01/01/2019 17:14,1737.35,24.9
01/01/2019 17:15,1763.25,26.2
01/01/2019 17:16,1739.51,26.8
01/01/2019 17:17,1747.49,26.7
01/01/2019 17:18,1740.98,27.4
01/01/2019 17:19,1905.76,28.4
01/01/2019 17:20,1730.88,27
01/01/2019 17:21,1819.04,27.9
01/01/2019 17:22,1810.36,26.2
01/01/2019 17:23,1899.22,25.9
01/01/2019 17:24,1803.38,26
01/01/2019 17:25,1720.62,25.6
01/01/2019 17:26,1722.8,25.8
01/01/2019 17:27,1809.39,26.8
01/01/2019 17:28,1850.96,27.6
01/01/2019 17:29,1778.76,26.1
01/01/2019 17:30,1815.38,26.6
01/01/2019 17:31,1802.2,25.8
01/01/2019 17:32,1729.67,25.8
01/01/2019 17:33,1819.14,26.8
01/01/2019 17:34,1764.83,25.7
01/01/2019 17:35,1881.59,26.6
01/01/2019 17:36,1694.5,26.3
01/01/2019 17:37,1736.26,27.4
01/01/2019 17:38,1714.28,24.2
01/01/2019 17:39,1668.13,25.4
01/01/2019 17:40,1794.08,25.6
01/01/2019 17:41,1670.33,25.6
01/01/2019 17:42,1710.97,27.5
01/01/2019 17:43,1703.3,27.6
01/01/2019 17:44,1674.72,26.9
01/01/2019 17:45,1678.39,24.9
01/01/2019 17:46,1735.21,26.2
01/01/2019 17:47,1713.35,26.8
01/01/2019 17:48,1719.91,26.7
01/01/2019 17:49,1665.27,27.4
01/01/2019 17:50,1754.88,28.4
01/01/2019 17:51,1770.17,27
01/01/2019 17:52,1761.43,27.9
01/01/2019 17:53,1772.36,26.2
01/01/2019 17:54,1691.5,25.9
01/01/2019 17:55,1802.96,26
01/01/2019 17:56,1691.5,25.6
01/01/2019 17:57,1670.86,25.8
01/01/2019 17:58,1756.04,26.8
01/01/2019 17:59,1706.8,27.6
01/01/2019 18:00,1853.22,26.1
01/01/2019 18:01,1921.05,26.6
01/01/2019 18:02,1797.07,25.8
01/01/2019 18:03,1718.72,25.8
01/01/2019 18:04,1805.75,26.8
01/01/2019 18:05,1838.38,25.7
01/01/2019 18:06,1817.58,26.6
01/01/2019 18:07,1781.82,26.3
01/01/2019 18:08,1714.37,27.4
01/01/2019 18:09,1837.84,24.2
01/01/2019 18:10,1804.11,25.4
01/01/2019 18:11,1799.22,25.6
01/01/2019 18:12,1801.95,25.6
01/01/2019 18:13,1788.34,27.5
01/01/2019 18:14,1710.98,27.6
01/01/2019 18:15,1805.75,26.9
01/01/2019 18:16,1786.17,24.9
01/01/2019 18:17,1779.64,26.2
01/01/2019 18:18,1792.69,26.8
01/01/2019 18:19,1819.27,26.7
01/01/2019 18:20,1713.15,27.4
01/01/2019 18:21,1786.79,28.4
01/01/2019 18:22,1771.62,27
01/01/2019 18:23,1748.52,27.9
01/01/2019 18:24,1735.58,26.2
01/01/2019 18:25,1759.88,25.9
01/01/2019 18:26,1752.83,26
01/01/2019 18:27,1750.32,25.6
01/01/2019 18:28,1751.11,25.8
01/01/2019 18:29,1750.67,26.8
01/01/2019 18:30,1815.35,27.6
01/01/2019 18:31,1792.49,26.1
01/01/2019 18:32,1744.2,26.6
01/01/2019 18:33,1752.83,25.8
01/01/2019 18:34,1772.23,25.8
01/01/2019 18:35,1754.98,26.8
01/01/2019 18:36,1695.5,25.7
01/01/2019 18:37,1783.49,26.6
01/01/2019 18:38,1736.28,26.3
01/01/2019 18:39,1717.67,27.4
01/01/2019 18:40,1751.85,24.2
01/01/2019 18:41,1741.67,25.4
01/01/2019 18:42,1761.45,25.6
01/01/2019 18:43,1762,25.6
01/01/2019 18:44,1843.38,27.5
01/01/2019 18:45,1714.02,27.6
01/01/2019 18:46,1813.2,26.9
01/01/2019 18:47,1744.2,24.9
01/01/2019 18:48,1754.98,26.2
01/01/2019 18:49,1744.2,26.8
01/01/2019 18:50,1805.56,26.7
01/01/2019 18:51,1726.96,27.4
01/01/2019 18:52,1767.92,28.4
01/01/2019 18:53,1804.57,27
01/01/2019 18:54,1818.14,27.9
01/01/2019 18:55,1750.32,26.2
01/01/2019 18:56,1769.46,25.9
01/01/2019 18:57,1791.12,26
01/01/2019 18:58,1814.94,25.6
01/01/2019 18:59,1728.31,25.8
01/01/2019 19:00,1816.45,26.8
01/01/2019 19:01,1754.7,27.6
01/01/2019 19:02,1804.11,26.1
01/01/2019 19:03,1847.43,26.6
01/01/2019 19:04,1816.63,25.8
01/01/2019 19:05,1753.53,25.8
01/01/2019 19:06,1758.63,26.8
01/01/2019 19:07,1737.19,25.7
01/01/2019 19:08,1729.33,26.6
01/01/2019 19:09,1808.44,26.3
01/01/2019 19:10,1797.61,27.4
01/01/2019 19:11,1815.96,24.2
01/01/2019 19:12,1800.26,25.4
01/01/2019 19:13,1790.32,25.6
01/01/2019 19:14,1765.76,25.6
01/01/2019 19:15,1751.11,27.5
01/01/2019 19:16,1814.27,27.6
01/01/2019 19:17,1755.47,26.9
01/01/2019 19:18,1772.89,24.9
01/01/2019 19:19,1763.45,26.2
01/01/2019 19:20,1768.54,26.8
01/01/2019 19:21,1698.84,26.7
01/01/2019 19:22,1696.66,27.4
01/01/2019 19:23,1748.93,28.4
01/01/2019 19:24,1768.54,27
01/01/2019 19:25,1696.66,27.9
01/01/2019 19:26,1714.09,26.2
01/01/2019 19:27,1697.81,25.9
01/01/2019 19:28,1752.51,26
01/01/2019 19:29,1761.26,25.6
01/01/2019 19:30,1695.62,25.8
01/01/2019 19:31,1692.31,26.8
01/01/2019 19:32,1729.33,27.6
01/01/2019 19:33,1692.31,26.1
01/01/2019 19:34,1698.84,26.6
01/01/2019 19:35,1805.02,25.8
01/01/2019 19:36,1783.14,25.8
01/01/2019 19:37,1708.75,26.8
01/01/2019 19:38,1704.37,25.7
01/01/2019 19:39,1717.5,26.6
01/01/2019 19:40,1726.25,26.3
01/01/2019 19:41,1700,27.4
01/01/2019 19:42,1715.31,24.2
01/01/2019 19:43,1774.39,25.4
01/01/2019 19:44,1741.3,25.6
01/01/2019 19:45,1719.65,25.6
01/01/2019 19:46,1838.38,27.5
01/01/2019 19:47,1762.24,27.6
01/01/2019 19:48,1786.17,26.9
01/01/2019 19:49,1781.82,24.9
01/01/2019 19:50,1834.03,26.2
01/01/2019 19:51,1733.95,26.8
01/01/2019 19:52,1783.99,26.7
01/01/2019 19:53,1785.17,27.4
01/01/2019 19:54,1797.87,28.4
01/01/2019 19:55,1764.94,27
01/01/2019 19:56,1780.31,27.9
01/01/2019 19:57,1744.16,26.2
01/01/2019 19:58,1712.26,25.9
01/01/2019 19:59,1692.5,26
01/01/2019 20:00,1723.23,25.6
01/01/2019 20:01,1703.48,25.8
01/01/2019 20:02,1718.84,26.8
01/01/2019 20:03,1716.65,27.6
01/01/2019 20:04,1704.61,26.1
01/01/2019 20:05,1719.91,26.6
01/01/2019 20:06,1701.28,25.8
01/01/2019 20:07,1730.84,25.8
01/01/2019 20:08,1736.26,26.8
01/01/2019 20:09,1719.8,25.7
01/01/2019 20:10,1697.72,26.6
01/01/2019 20:11,1723.08,26.3
01/01/2019 20:12,1708.76,27.4
01/01/2019 20:13,1733.04,24.2
01/01/2019 20:14,1741.88,25.4
01/01/2019 20:15,1735.25,25.6
01/01/2019 20:16,1763.95,25.6
01/01/2019 20:17,1722.01,27.5
01/01/2019 20:18,1739.67,27.6
01/01/2019 20:19,1717.59,26.9
01/01/2019 20:20,1728.63,24.9
01/01/2019 20:21,1699.93,26.2
01/01/2019 20:22,1717.59,26.8
01/01/2019 20:23,1717.5,26.7
01/01/2019 20:24,1735,27.4
01/01/2019 20:25,1732.82,28.4
01/01/2019 20:26,1765.64,27
01/01/2019 20:27,1752.51,27.9
01/01/2019 20:28,1776.57,26.2
01/01/2019 20:29,1875.03,25.9
01/01/2019 20:30,1796.27,26
01/01/2019 20:31,1728.44,25.6
01/01/2019 20:32,1701.02,25.8
01/01/2019 20:33,1800.64,26.8
01/01/2019 20:34,1722.8,27.6
01/01/2019 20:35,1840.02,26.1
01/01/2019 20:36,1765.64,26.6
01/01/2019 20:37,1727.47,25.8
01/01/2019 20:38,1731.87,25.8
01/01/2019 20:39,1694.5,26.8
01/01/2019 20:40,1674.72,25.7
01/01/2019 20:41,1751.65,26.6
01/01/2019 20:42,1678.12,26.3
01/01/2019 20:43,1729.67,27.4
01/01/2019 20:44,1676.92,24.2
01/01/2019 20:45,1734.06,25.4
01/01/2019 20:46,1753.84,25.6
01/01/2019 20:47,1760.44,25.6
01/01/2019 20:48,1694.79,27.5
01/01/2019 20:49,1629.52,27.6
01/01/2019 20:50,1690.44,26.9
01/01/2019 20:51,1716.55,24.9
01/01/2019 20:52,1688.27,26.2
01/01/2019 20:53,1770.94,26.8
01/01/2019 20:54,1718.72,26.7
01/01/2019 20:55,1705.67,27.4
01/01/2019 20:56,1707.85,28.4
01/01/2019 20:57,1692.62,27
01/01/2019 20:58,1750.82,27.9
01/01/2019 20:59,1755.27,26.2
01/01/2019 21:00,1626.08,25.9
01/01/2019 21:01,1634.75,26
01/01/2019 21:02,1622.97,25.6
01/01/2019 21:03,1634.75,25.8
01/01/2019 21:04,1640.23,26.8
01/01/2019 21:05,1628.24,27.6
01/01/2019 21:06,1704.13,26.1
01/01/2019 21:07,1701.96,26.6
01/01/2019 21:08,1640.23,25.8
01/01/2019 21:09,1657.5,25.8
01/01/2019 21:10,1651.02,26.8
01/01/2019 21:11,1681.24,25.7
01/01/2019 21:12,1661.81,26.6
01/01/2019 21:13,1679.08,26.3
01/01/2019 21:14,1638.07,27.4
01/01/2019 21:15,1662.93,24.2
01/01/2019 21:16,1758.93,25.4
01/01/2019 21:17,1651.02,25.6
01/01/2019 21:18,1663.97,25.6
01/01/2019 21:19,1662.93,27.5
01/01/2019 21:20,1672.61,27.6
01/01/2019 21:21,1642.39,26.9
01/01/2019 21:22,1649.92,24.9
01/01/2019 21:23,1653.18,26.2
01/01/2019 21:24,1643.42,26.8
01/01/2019 21:25,1638.07,26.7
01/01/2019 21:26,1655.34,27.4
01/01/2019 21:27,1640.23,28.4
01/01/2019 21:28,1620.38,27
01/01/2019 21:29,1618.23,27.9
01/01/2019 21:30,1623.66,26.2
01/01/2019 21:31,1643.99,25.9
01/01/2019 21:32,1637.55,26
01/01/2019 21:33,1611.8,25.6
01/01/2019 21:34,1653.57,25.8
01/01/2019 21:35,1657.85,26.8
01/01/2019 21:36,1702.71,27.6
01/01/2019 21:37,1643.84,26.1
01/01/2019 21:38,1603.42,26.6
01/01/2019 21:39,1633.88,25.8
01/01/2019 21:40,1633.01,25.8
01/01/2019 21:41,1627.78,26.8
01/01/2019 21:42,1657.96,25.7
01/01/2019 21:43,1610.53,26.6
01/01/2019 21:44,1641.68,26.3
01/01/2019 21:45,1726.14,27.4
01/01/2019 21:46,1611.36,24.2
01/01/2019 21:47,1617.85,25.4
01/01/2019 21:48,1609.19,25.6
01/01/2019 21:49,1689.32,25.6
01/01/2019 21:50,1690.3,27.5
01/01/2019 21:51,1698.93,27.6
01/01/2019 21:52,1664.43,26.9
01/01/2019 21:53,1615.69,24.9
01/01/2019 21:54,1638.56,26.2
01/01/2019 21:55,1623.47,26.8
01/01/2019 21:56,1638.56,26.7
01/01/2019 21:57,1627.78,27.4
01/01/2019 21:58,1647.76,28.4
01/01/2019 21:59,1654.26,27
01/01/2019 22:00,1634.75,27.9
01/01/2019 22:01,1641.25,26.2
01/01/2019 22:02,1660.76,25.9
01/01/2019 22:03,1647.76,26
01/01/2019 22:04,1652.09,25.6
01/01/2019 22:05,1671.61,25.8
01/01/2019 22:06,1771.88,26.8
01/01/2019 22:07,1692.03,27.6
01/01/2019 22:08,1668.29,26.1
01/01/2019 22:09,1740.98,26.6
01/01/2019 22:10,1669.44,25.8
01/01/2019 22:11,1673.77,25.8
01/01/2019 22:12,1707.14,26.8
01/01/2019 22:13,1661.81,25.7
01/01/2019 22:14,1662.93,26.6
01/01/2019 22:15,1685.55,26.3
01/01/2019 22:16,1692.03,27.4
01/01/2019 22:17,1674.76,24.2
01/01/2019 22:18,1679.97,25.4
01/01/2019 22:19,1728.72,25.6
01/01/2019 22:20,1696.35,25.6
01/01/2019 22:21,1673.77,27.5
01/01/2019 22:22,1696.35,27.6
01/01/2019 22:23,1758.93,26.9
01/01/2019 22:24,1683.4,24.9
01/01/2019 22:25,1692.03,26.2
01/01/2019 22:26,1688.56,26.8
01/01/2019 22:27,1692.03,26.7
01/01/2019 22:28,1694.17,27.4
01/01/2019 22:29,1692.03,28.4
01/01/2019 22:30,1695.5,27
01/01/2019 22:31,1632.21,27.9
01/01/2019 22:32,1674.94,26.2
01/01/2019 22:33,1630.85,25.9
01/01/2019 22:34,1637.34,26
01/01/2019 22:35,1760.8,25.6
01/01/2019 22:36,1649.34,25.8
01/01/2019 22:37,1655.81,26.8
01/01/2019 22:38,1626.52,27.6
01/01/2019 22:39,1649.34,26.1
01/01/2019 22:40,1649.34,26.6
01/01/2019 22:41,1709.71,25.8
01/01/2019 22:42,1660.12,25.8
01/01/2019 22:43,1683.84,26.8
01/01/2019 22:44,1726.96,25.7
01/01/2019 22:45,1716.18,26.6
01/01/2019 22:46,1716.18,26.3
01/01/2019 22:47,1703.24,27.4
01/01/2019 22:48,1649.34,24.2
01/01/2019 22:49,1636.4,25.4
01/01/2019 22:50,1651.5,25.6
01/01/2019 22:51,1739.89,25.6
01/01/2019 22:52,1688.15,27.5
01/01/2019 22:53,1703.24,27.6
01/01/2019 22:54,1737.74,26.9
01/01/2019 22:55,1666.59,24.9
01/01/2019 22:56,1724.8,26.2
01/01/2019 22:57,1703.2,26.8
01/01/2019 22:58,1751.82,26.7
01/01/2019 22:59,1678.11,27.4
01/01/2019 23:00,1678.11,28.4
01/01/2019 23:01,1669.37,27
01/01/2019 23:02,1658.43,27.9
01/01/2019 23:03,1670.53,26.2
01/01/2019 23:04,1675.94,25.9
01/01/2019 23:05,1738.82,26
01/01/2019 23:06,1756.77,25.6
01/01/2019 23:07,1688.95,25.8
01/01/2019 23:08,1708.46,26.8
01/01/2019 23:09,1680.28,27.6
01/01/2019 23:10,1722.24,26.1
01/01/2019 23:11,1736.65,26.6
01/01/2019 23:12,1701.96,25.8
01/01/2019 23:13,1730.14,25.8
01/01/2019 23:14,1736.65,26.8
01/01/2019 23:15,1695.45,25.7
01/01/2019 23:16,1713.61,26.6
01/01/2019 23:17,1675.21,26.3
01/01/2019 23:18,1685.99,27.4
01/01/2019 23:19,1677.37,24.2
01/01/2019 23:20,1681.68,25.4
01/01/2019 23:21,1683.84,25.6
01/01/2019 23:22,1683.84,25.6
01/01/2019 23:23,1682.83,27.5
01/01/2019 23:24,1679.52,27.6
01/01/2019 23:25,1679.52,26.9
01/01/2019 23:26,1711.86,24.9
01/01/2019 23:27,1722.64,26.2
01/01/2019 23:28,1736.28,26.8
01/01/2019 23:29,1785.64,26.7
01/01/2019 23:30,1701.94,27.4
01/01/2019 23:31,1749.15,28.4
01/01/2019 23:32,1698.93,27
01/01/2019 23:33,1692.46,27.9
01/01/2019 23:34,1684.99,26.2
01/01/2019 23:35,1744.2,25.9
01/01/2019 23:36,1731.27,26
01/01/2019 23:37,1679.52,25.6
01/01/2019 23:38,1711.86,25.8
01/01/2019 23:39,1685.99,26.8
01/01/2019 23:40,1693.66,27.6
01/01/2019 23:41,1685.99,26.1
01/01/2019 23:42,1744.2,26.6
01/01/2019 23:43,1709.71,25.8
01/01/2019 23:44,1774.39,25.8
01/01/2019 23:45,1710.52,26.8
01/01/2019 23:46,1724.8,25.7
01/01/2019 23:47,1723.4,26.6
01/01/2019 23:48,1779.2,26.3
01/01/2019 23:49,1698.93,27.4
01/01/2019 23:50,1785.17,24.2
01/01/2019 23:51,1733.42,25.4
01/01/2019 23:52,1763.61,25.6
01/01/2019 23:53,1825.54,25.6
01/01/2019 23:54,1719.11,27.5
01/01/2019 23:55,1712.67,27.6
01/01/2019 23:56,1734.13,26.9
01/01/2019 23:57,1750.67,24.9
01/01/2019 23:58,1723.4,26.2
01/01/2019 23:59,1757.74,26.8
02/01/2019 0:00,1714.02,26.7
02/01/2019 0:01,1731.27,27.4
02/01/2019 0:02,1765.13,28.4
02/01/2019 0:03,1736.97,27
02/01/2019 0:04,1810.61,27.9
02/01/2019 0:05,1765.13,26.2
02/01/2019 0:06,1804.57,25.9
02/01/2019 0:07,1819.66,26
02/01/2019 0:08,1754.3,25.6
02/01/2019 0:09,1734.81,25.8
02/01/2019 0:10,1723.98,26.8
02/01/2019 0:11,1694.62,27.6
02/01/2019 0:12,1888.33,26.1
02/01/2019 0:13,1761.45,26.6
02/01/2019 0:14,1710.98,25.8
02/01/2019 0:15,1791.64,25.8
02/01/2019 0:16,1731.27,26.8
02/01/2019 0:17,1719.65,25.7
02/01/2019 0:18,1701.32,26.6
02/01/2019 0:19,1749.18,26.3
02/01/2019 0:20,1736.13,27.4
02/01/2019 0:21,1702.32,24.2
02/01/2019 0:22,1720.9,25.4
02/01/2019 0:23,1710.02,25.6
02/01/2019 0:24,1740.48,25.6
02/01/2019 0:25,1694.79,27.5
02/01/2019 0:26,1705.67,27.6
02/01/2019 0:27,1706.8,26.9
02/01/2019 0:28,1704.61,24.9
02/01/2019 0:29,1695.87,26.2
02/01/2019 0:30,1713.35,26.8
02/01/2019 0:31,1734.21,26.7
02/01/2019 0:32,1750.51,27.4
02/01/2019 0:33,1713.35,28.4
02/01/2019 0:34,1687.13,27
02/01/2019 0:35,1726.47,27.9
02/01/2019 0:36,1720.9,26.2
02/01/2019 0:37,1694.79,25.9
02/01/2019 0:38,1823.15,26
02/01/2019 0:39,1823.15,25.6
02/01/2019 0:40,1722.1,25.8
02/01/2019 0:41,1717.72,26.8
02/01/2019 0:42,1738.3,27.6
02/01/2019 0:43,1714.37,26.1
02/01/2019 0:44,1731.78,26.6
02/01/2019 0:45,1718.72,25.8
02/01/2019 0:46,1712.2,25.8
02/01/2019 0:47,1752.13,26.8
02/01/2019 0:48,1843.1,25.7
02/01/2019 0:49,1757.88,26.6
02/01/2019 0:50,1714.37,26.3
02/01/2019 0:51,1744.83,27.4
02/01/2019 0:52,1751.36,24.2
02/01/2019 0:53,1775.29,25.4
02/01/2019 0:54,1716.55,25.6
02/01/2019 0:55,1690.44,25.6
02/01/2019 0:56,1797.05,27.5
02/01/2019 0:57,1710.98,27.6
02/01/2019 0:58,1717.48,26.9
02/01/2019 0:59,1693.66,24.9
02/01/2019 1:00,1752.13,26.2
02/01/2019 1:01,1814.94,26.8
02/01/2019 1:02,1840.93,26.7
02/01/2019 1:03,1819.27,27.4
02/01/2019 1:04,1806.28,28.4
02/01/2019 1:05,1799.78,27
02/01/2019 1:06,1806.28,27.9
02/01/2019 1:07,1813.2,26.2
02/01/2019 1:08,1849.59,25.9
02/01/2019 1:09,1820.81,26
02/01/2019 1:10,1730.47,25.6
02/01/2019 1:11,1706.65,25.8
02/01/2019 1:12,1728.31,26.8
02/01/2019 1:13,1732.64,27.6
02/01/2019 1:14,1786.79,26.1
02/01/2019 1:15,1733.42,26.6
02/01/2019 1:16,1759.3,25.8
02/01/2019 1:17,1759.3,25.8
02/01/2019 1:18,1749.97,26.8
02/01/2019 1:19,1757.14,25.7
02/01/2019 1:20,1786.51,26.6
02/01/2019 1:21,1800.26,26.3
02/01/2019 1:22,1800.66,27.4
02/01/2019 1:23,1767.92,24.2
02/01/2019 1:24,1803.38,25.4
02/01/2019 1:25,1759.88,25.6
02/01/2019 1:26,1842.89,25.6
02/01/2019 1:27,1890.58,27.5
02/01/2019 1:28,1795.95,27.6
02/01/2019 1:29,1779.2,26.9
02/01/2019 1:30,1808.2,24.9
02/01/2019 1:31,1789.93,26.2
02/01/2019 1:32,1755.59,26.8
02/01/2019 1:33,1792.08,26.7
02/01/2019 1:34,1778.36,27.4
02/01/2019 1:35,1787.78,28.4
02/01/2019 1:36,1758.26,27
02/01/2019 1:37,1781.35,27.9
02/01/2019 1:38,1806.41,26.2
02/01/2019 1:39,1804.26,25.9
02/01/2019 1:40,1866.84,26
02/01/2019 1:41,1795.98,25.6
02/01/2019 1:42,1791.68,25.8
02/01/2019 1:43,1731.27,26.8
02/01/2019 1:44,1776.54,27.6
02/01/2019 1:45,1750.67,26.1
02/01/2019 1:46,1793.79,26.6
02/01/2019 1:47,1780.29,25.8
02/01/2019 1:48,1745.63,25.8
02/01/2019 1:49,1775.96,26.8
02/01/2019 1:50,1890.5,25.7
02/01/2019 1:51,1846.94,26.6
02/01/2019 1:52,1787.32,26.3
02/01/2019 1:53,1767.29,27.4
02/01/2019 1:54,1804.57,24.2
02/01/2019 1:55,1793.79,25.4
02/01/2019 1:56,1797.61,25.6
02/01/2019 1:57,1776.54,25.6
02/01/2019 1:58,1769.46,27.5
02/01/2019 1:59,1750.67,27.6
02/01/2019 2:00,1772.23,26.9
02/01/2019 2:01,1782.45,24.9
02/01/2019 2:02,1873.08,26.2
02/01/2019 2:03,1774.39,26.8
02/01/2019 2:04,1793.28,26.7
02/01/2019 2:05,1745.63,27.4
02/01/2019 2:06,1772.23,28.4
02/01/2019 2:07,1770.08,27
02/01/2019 2:08,1759.3,27.9
02/01/2019 2:09,1838.76,26.2
02/01/2019 2:10,1786.79,25.9
02/01/2019 2:11,1767.29,26
02/01/2019 2:12,1773.79,25.6
02/01/2019 2:13,1749.18,25.8
02/01/2019 2:14,1749.18,26.8
02/01/2019 2:15,1755.71,27.6
02/01/2019 2:16,1760.06,26.1
02/01/2019 2:17,1788.34,26.6
02/01/2019 2:18,1801.95,25.8
02/01/2019 2:19,1753.53,25.8
02/01/2019 2:20,1747.01,26.8
02/01/2019 2:21,1730.84,25.7
02/01/2019 2:22,1733.95,26.6
02/01/2019 2:23,1741.76,26.3
02/01/2019 2:24,1729.6,27.4
02/01/2019 2:25,1717.72,24.2
02/01/2019 2:26,1737.39,25.4
02/01/2019 2:27,1724.28,25.6
02/01/2019 2:28,1752.69,25.6
02/01/2019 2:29,1693.69,27.5
02/01/2019 2:30,1708.98,27.6
02/01/2019 2:31,1699.08,26.9
02/01/2019 2:32,1724.28,24.9
02/01/2019 2:33,1734.21,26.2
02/01/2019 2:34,1754.88,26.8
02/01/2019 2:35,1730.84,26.7
02/01/2019 2:36,1725.43,27.4
02/01/2019 2:37,1716.65,28.4
02/01/2019 2:38,1745.18,27
02/01/2019 2:39,1722.1,27.9
02/01/2019 2:40,1704.61,26.2
02/01/2019 2:41,1724.21,25.9
02/01/2019 2:42,1728.63,26
02/01/2019 2:43,1736.38,25.6
02/01/2019 2:44,1730.84,25.8
02/01/2019 2:45,1722.01,26.8
02/01/2019 2:46,1794.04,27.6
02/01/2019 2:47,1749.69,26.1
02/01/2019 2:48,1743.03,26.6
02/01/2019 2:49,1705.33,25.8
02/01/2019 2:50,1703.12,25.8
02/01/2019 2:51,1723.08,26.8
02/01/2019 2:52,1697.81,25.7
02/01/2019 2:53,1671.56,26.6
02/01/2019 2:54,1695.62,26.3
02/01/2019 2:55,1726.25,27.4
02/01/2019 2:56,1641.76,24.2
02/01/2019 2:57,1693.43,25.4
02/01/2019 2:58,1714.28,25.6
02/01/2019 2:59,1604.39,25.6
02/01/2019 3:00,1621.98,27.5
02/01/2019 3:01,1679.12,27.6
02/01/2019 3:02,1617.58,26.9
02/01/2019 3:03,1641.76,24.9
02/01/2019 3:04,1617.58,26.2
02/01/2019 3:05,1665.93,26.8
02/01/2019 3:06,1659.34,26.7
02/01/2019 3:07,1573.62,27.4
02/01/2019 3:08,1558.24,28.4
02/01/2019 3:09,1575.82,27
02/01/2019 3:10,1535.97,27.9
02/01/2019 3:11,1581.66,26.2
02/01/2019 3:12,1576.3,25.9
02/01/2019 3:13,1580.04,26
02/01/2019 3:14,1541.03,25.6
02/01/2019 3:15,1569.12,25.8
02/01/2019 3:16,1604.08,26.8
02/01/2019 3:17,1582.74,27.6
02/01/2019 3:18,1552.01,26.1
02/01/2019 3:19,1556.4,26.6
02/01/2019 3:20,1565.18,25.8
02/01/2019 3:21,1543.23,25.8
02/01/2019 3:22,1534.15,26.8
02/01/2019 3:23,1547.62,25.7
02/01/2019 3:24,1567.37,26.6
02/01/2019 3:25,1525.86,26.3
02/01/2019 3:26,1556.4,27.4
02/01/2019 3:27,1503.81,24.2
02/01/2019 3:28,1547.91,25.4
02/01/2019 3:29,1517.04,25.6
02/01/2019 3:30,1486.17,25.6
02/01/2019 3:31,1525.86,27.5
02/01/2019 3:32,1539.09,27.6
02/01/2019 3:33,1530.27,26.9
02/01/2019 3:34,1541.3,24.9
02/01/2019 3:35,1534.68,26.2
02/01/2019 3:36,1517.04,26.8
02/01/2019 3:37,1497.2,26.7
02/01/2019 3:38,1525.86,27.4
02/01/2019 3:39,1523.66,28.4
02/01/2019 3:40,1521.45,27
02/01/2019 3:41,1537.07,27.9
02/01/2019 3:42,1499.4,26.2
02/01/2019 3:43,1510.43,25.9
02/01/2019 3:44,1521.45,26
02/01/2019 3:45,1530.27,25.6
02/01/2019 3:46,1519.25,25.8
02/01/2019 3:47,1514.84,26.8
02/01/2019 3:48,1503.81,27.6
02/01/2019 3:49,1528.07,26.1
02/01/2019 3:50,1517.04,26.6
02/01/2019 3:51,1523.66,25.8
02/01/2019 3:52,1532.64,25.8
02/01/2019 3:53,1523.78,26.8
02/01/2019 3:54,1519.25,25.7
02/01/2019 3:55,1508.22,26.6
02/01/2019 3:56,1508.22,26.3
02/01/2019 3:57,1521.45,27.4
02/01/2019 3:58,1534.68,24.2
02/01/2019 3:59,1626.64,25.4
02/01/2019 4:00,1558.24,25.6
02/01/2019 4:01,1650.55,25.6
02/01/2019 4:02,1632.17,27.5
02/01/2019 4:03,1564.83,27.6
02/01/2019 4:04,1571.43,26.9
02/01/2019 4:05,1647.49,24.9
02/01/2019 4:06,1581.85,26.2
02/01/2019 4:07,1588.42,26.8
02/01/2019 4:08,1584.04,26.7
02/01/2019 4:09,1634.36,27.4
02/01/2019 4:10,1627.8,28.4
02/01/2019 4:11,1640.93,27
02/01/2019 4:12,1559.97,27.9
02/01/2019 4:13,1623.42,26.2
02/01/2019 4:14,1575.29,25.9
02/01/2019 4:15,1573.1,26
02/01/2019 4:16,1603.73,25.6
02/01/2019 4:17,1566.54,25.8
02/01/2019 4:18,1590.6,26.8
02/01/2019 4:19,1625.61,27.6
02/01/2019 4:20,1587.76,26.1
02/01/2019 4:21,1594.3,26.6
02/01/2019 4:22,1619.05,25.8
02/01/2019 4:23,1596.47,25.8
02/01/2019 4:24,1594.3,26.8
02/01/2019 4:25,1612.48,25.7
02/01/2019 4:26,1581.23,26.6
02/01/2019 4:27,1656.84,26.3
02/01/2019 4:28,1653.65,27.4
02/01/2019 4:29,1701.08,24.2
02/01/2019 4:30,1709.71,25.4
02/01/2019 4:31,1655.81,25.6
02/01/2019 4:32,1739.89,25.6
02/01/2019 4:33,1690.3,27.5
02/01/2019 4:34,1688.15,27.6
02/01/2019 4:35,1668.74,26.9
02/01/2019 4:36,1670.9,24.9
02/01/2019 4:37,1722.64,26.2
02/01/2019 4:38,1672,26.8
02/01/2019 4:39,1681.68,26.7
02/01/2019 4:40,1655.81,27.4
02/01/2019 4:41,1670.9,28.4
02/01/2019 4:42,1662.28,27
02/01/2019 4:43,1655.81,27.9
02/01/2019 4:44,1666.59,26.2
02/01/2019 4:45,1678.33,25.9
02/01/2019 4:46,1683.84,26
02/01/2019 4:47,1656.87,25.6
02/01/2019 4:48,1668.74,25.8
02/01/2019 4:49,1685.99,26.8
02/01/2019 4:50,1663.31,27.6
02/01/2019 4:51,1697.64,26.1
02/01/2019 4:52,1686.91,26.6
02/01/2019 4:53,1691.21,25.8
02/01/2019 4:54,1740.57,25.8
02/01/2019 4:55,1701.32,26.8
02/01/2019 4:56,1693.66,25.7
02/01/2019 4:57,1673.04,26.6
02/01/2019 4:58,1655.63,26.3
02/01/2019 4:59,1652.51,27.4
02/01/2019 5:00,1732.64,24.2
02/01/2019 5:01,1693.66,25.4
02/01/2019 5:02,1702.32,25.6
02/01/2019 5:03,1726.14,25.6
02/01/2019 5:04,1682.83,27.5
02/01/2019 5:05,1651.28,27.6
02/01/2019 5:06,1710.98,26.9
02/01/2019 5:07,1706.65,24.9
02/01/2019 5:08,1654.67,26.2
02/01/2019 5:09,1721.81,26.8
02/01/2019 5:10,1732.64,26.7
02/01/2019 5:11,1771.62,27.4
02/01/2019 5:12,1689.32,28.4
02/01/2019 5:13,1652.51,27
02/01/2019 5:14,1672,27.9
02/01/2019 5:15,1697.99,26.2
02/01/2019 5:16,1680.66,25.9
02/01/2019 5:17,1684.99,26
02/01/2019 5:18,1665.5,25.6
02/01/2019 5:19,1722.64,25.8
02/01/2019 5:20,1694.62,26.8
02/01/2019 5:21,1681.68,27.6
02/01/2019 5:22,1690.3,26.1
02/01/2019 5:23,1698.93,26.6
02/01/2019 5:24,1692.46,25.8
02/01/2019 5:25,1692.46,25.8
02/01/2019 5:26,1731.27,26.8
02/01/2019 5:27,1715.31,25.7
02/01/2019 5:28,1730.47,26.6
02/01/2019 5:29,1675.21,26.3
02/01/2019 5:30,1675.21,27.4
02/01/2019 5:31,1684.99,24.2
02/01/2019 5:32,1696.77,25.4
02/01/2019 5:33,1733.42,25.6
02/01/2019 5:34,1678.5,25.6
02/01/2019 5:35,1694.62,27.5
02/01/2019 5:36,1664.43,27.6
02/01/2019 5:37,1707.55,26.9
02/01/2019 5:38,1623.91,24.9
02/01/2019 5:39,1619.57,26.2
02/01/2019 5:40,1619.57,26.8
02/01/2019 5:41,1610.9,26.7
02/01/2019 5:42,1593.55,27.4
02/01/2019 5:43,1613.07,28.4
02/01/2019 5:44,1619.57,27
02/01/2019 5:45,1615.23,27.9
02/01/2019 5:46,1632.58,26.2
02/01/2019 5:47,1617.4,25.9
02/01/2019 5:48,1608.73,26
02/01/2019 5:49,1632.58,25.6
02/01/2019 5:50,1589.22,25.8
02/01/2019 5:51,1606.56,26.8
02/01/2019 5:52,1684.61,27.6
02/01/2019 5:53,1628.24,26.1
02/01/2019 5:54,1622.97,26.6
02/01/2019 5:55,1610.9,25.8
02/01/2019 5:56,1645.59,25.8
02/01/2019 5:57,1614.33,26.8
02/01/2019 5:58,1632.58,25.7
02/01/2019 5:59,1625.12,26.6
02/01/2019 6:00,1674.94,26.3
02/01/2019 6:01,1683.48,27.4
02/01/2019 6:02,1712.67,24.2
02/01/2019 6:03,1697.64,25.4
02/01/2019 6:04,1700.57,25.6
02/01/2019 6:05,1685.62,25.6
02/01/2019 6:06,1681.35,27.5
02/01/2019 6:07,1694.17,27.6
02/01/2019 6:08,1724.07,26.9
02/01/2019 6:09,1697.99,24.9
02/01/2019 6:10,1689.32,26.2
02/01/2019 6:11,1696.97,26.8
02/01/2019 6:12,1653.46,26.7
02/01/2019 6:13,1684.99,27.4
02/01/2019 6:14,1661.17,28.4
02/01/2019 6:15,1680.66,27
02/01/2019 6:16,1673.04,27.9
02/01/2019 6:17,1669.83,26.2
02/01/2019 6:18,1747.8,25.9
02/01/2019 6:19,1675.21,26
02/01/2019 6:20,1688.27,25.6
02/01/2019 6:21,1775.29,25.8
02/01/2019 6:22,1707.85,26.8
02/01/2019 6:23,1664.33,27.6
02/01/2019 6:24,1762.96,26.1
02/01/2019 6:25,1704.48,26.6
02/01/2019 6:26,1692.62,25.8
02/01/2019 6:27,1710.02,25.8
02/01/2019 6:28,1716.55,26.8
02/01/2019 6:29,1679.56,25.7
02/01/2019 6:30,1694.79,26.6
02/01/2019 6:31,1701.32,26.3
02/01/2019 6:32,1701.32,27.4
02/01/2019 6:33,1733.95,24.2
02/01/2019 6:34,1717.72,25.4
02/01/2019 6:35,1718.72,25.6
02/01/2019 6:36,1693.69,25.6
02/01/2019 6:37,1715.54,27.5
02/01/2019 6:38,1689.31,27.6
02/01/2019 6:39,1710.02,26.9
02/01/2019 6:40,1722.1,24.9
02/01/2019 6:41,1708.98,26.2
02/01/2019 6:42,1736.13,26.8
02/01/2019 6:43,1715.54,26.7
02/01/2019 6:44,1733.02,27.4
02/01/2019 6:45,1739.58,28.4
02/01/2019 6:46,1703.49,27
02/01/2019 6:47,1717.72,27.9
02/01/2019 6:48,1703.49,26.2
02/01/2019 6:49,1713.35,25.9
02/01/2019 6:50,1745.18,26
02/01/2019 6:51,1761.43,25.6
02/01/2019 6:52,1763.62,25.8
02/01/2019 6:53,1726.47,26.8
02/01/2019 6:54,1783.29,27.6
02/01/2019 6:55,1784.7,26.1
02/01/2019 6:56,1737.54,26.6
02/01/2019 6:57,1753.96,25.8
02/01/2019 6:58,1837.38,25.8
02/01/2019 6:59,1691.5,26.8
02/01/2019 7:00,1710.02,25.7
02/01/2019 7:01,1760.06,26.6
02/01/2019 7:02,1742.66,26.3
02/01/2019 7:03,1753.53,27.4
02/01/2019 7:04,1825.77,24.2
02/01/2019 7:05,1794.87,25.4
02/01/2019 7:06,1827.94,25.6
02/01/2019 7:07,1754.3,25.6
02/01/2019 7:08,1833.46,27.5
02/01/2019 7:09,1754.3,27.6
02/01/2019 7:10,1793.28,26.9
02/01/2019 7:11,1712.2,24.9
02/01/2019 7:12,1764.41,26.2
02/01/2019 7:13,1792.69,26.8
02/01/2019 7:14,1776.73,26.7
02/01/2019 7:15,1755.71,27.4
02/01/2019 7:16,1885.71,28.4
02/01/2019 7:17,1768.76,27
02/01/2019 7:18,1765.13,27.9
02/01/2019 7:19,1753.53,26.2
02/01/2019 7:20,1757.88,25.9
02/01/2019 7:21,1765.13,26
02/01/2019 7:22,1760.06,25.6
02/01/2019 7:23,1862.31,25.8
02/01/2019 7:24,1751.36,26.8
02/01/2019 7:25,1942.86,27.6
02/01/2019 7:26,1838.38,26.1
02/01/2019 7:27,1741.76,26.6
02/01/2019 7:28,1820.44,25.8
02/01/2019 7:29,1892.31,25.8
02/01/2019 7:30,1807.33,26.8
02/01/2019 7:31,1899.11,25.7
02/01/2019 7:32,1818.25,26.6
02/01/2019 7:33,1733.02,26.3
02/01/2019 7:34,1733.02,27.4
02/01/2019 7:35,1796.4,24.2
02/01/2019 7:36,1763.62,25.4
02/01/2019 7:37,1717.72,25.6
02/01/2019 7:38,1752.69,25.6
02/01/2019 7:39,1831.37,27.5
02/01/2019 7:40,1765.8,27.6
02/01/2019 7:41,1733.02,26.9
02/01/2019 7:42,1695.87,24.9
02/01/2019 7:43,1776.73,26.2
02/01/2019 7:44,1717.72,26.8
02/01/2019 7:45,1700.24,26.7
02/01/2019 7:46,1701.32,27.4
02/01/2019 7:47,1722.1,28.4
02/01/2019 7:48,1735.21,27
02/01/2019 7:49,1736.13,27.9
02/01/2019 7:50,1855.79,26.2
02/01/2019 7:51,1820.98,25.9
02/01/2019 7:52,1838.76,26
02/01/2019 7:53,1768.76,25.6
02/01/2019 7:54,1738.3,25.8
02/01/2019 7:55,1770.94,26.8
02/01/2019 7:56,1872.53,27.6
02/01/2019 7:57,1775.29,26.1
02/01/2019 7:58,1753.53,26.6
02/01/2019 7:59,1749.18,25.8
02/01/2019 8:00,1751.36,25.8
02/01/2019 8:01,1801.95,26.8
02/01/2019 8:02,1775.29,25.7
02/01/2019 8:03,1741.3,26.6
02/01/2019 8:04,1753.53,26.3
02/01/2019 8:05,1780.29,27.4
02/01/2019 8:06,1760.8,24.2
02/01/2019 8:07,1767.29,25.4
02/01/2019 8:08,1765.13,25.6
02/01/2019 8:09,1892.53,25.6
02/01/2019 8:10,1759.3,27.5
02/01/2019 8:11,1888.33,27.6
02/01/2019 8:12,1833.88,26.9
02/01/2019 8:13,1793.79,24.9
02/01/2019 8:14,1731.27,26.2
02/01/2019 8:15,1756.46,26.8
02/01/2019 8:16,1839.07,26.7
02/01/2019 8:17,1825.16,27.4
02/01/2019 8:18,1776.54,28.4
02/01/2019 8:19,1739.89,27
02/01/2019 8:20,1770.08,27.9
02/01/2019 8:21,1800.26,26.2
02/01/2019 8:22,1888.33,25.9
02/01/2019 8:23,1858.47,26
02/01/2019 8:24,1775.96,25.6
02/01/2019 8:25,1799.78,25.8
02/01/2019 8:26,1873.08,26.8
02/01/2019 8:27,1787.32,27.6
02/01/2019 8:28,1801.21,26.1
02/01/2019 8:29,1879.74,26.6
02/01/2019 8:30,1862.4,25.8
02/01/2019 8:31,1797.35,25.8
02/01/2019 8:32,1873.24,26.8
02/01/2019 8:33,1858.21,25.7
02/01/2019 8:34,1819.04,26.6
02/01/2019 8:35,1817.2,26.3
02/01/2019 8:36,1877.63,27.4
02/01/2019 8:37,1799.94,24.2
02/01/2019 8:38,1901.25,25.4
02/01/2019 8:39,1750.67,25.6
02/01/2019 8:40,1776.54,25.6
02/01/2019 8:41,1836.91,27.5
02/01/2019 8:42,1830.44,27.6
02/01/2019 8:43,1907.93,26.9
02/01/2019 8:44,1979.8,24.9
02/01/2019 8:45,1795.95,26.2
02/01/2019 8:46,1833.88,26.8
02/01/2019 8:47,1846.94,26.7
02/01/2019 8:48,1866.55,27.4
02/01/2019 8:49,1821.44,28.4
02/01/2019 8:50,1984.16,27
02/01/2019 8:51,1765.76,27.9
02/01/2019 8:52,1763.61,26.2
02/01/2019 8:53,1774.39,25.9
02/01/2019 8:54,1785.17,26
02/01/2019 8:55,1787.78,25.6
02/01/2019 8:56,1767.92,25.8
02/01/2019 8:57,1875.41,26.8
02/01/2019 8:58,1860.01,27.6
02/01/2019 8:59,1763.61,26.1
02/01/2019 9:00,1795.19,26.6
02/01/2019 9:01,1793.02,25.8
02/01/2019 9:02,1757.14,25.8
02/01/2019 9:03,1822.99,26.8
02/01/2019 9:04,1800.66,25.7
02/01/2019 9:05,1750.67,26.6
02/01/2019 9:06,1710.52,26.3
02/01/2019 9:07,1750.67,27.4
02/01/2019 9:08,1846.94,24.2
02/01/2019 9:09,1772.23,25.4
02/01/2019 9:10,1776.54,25.6
02/01/2019 9:11,1807.74,25.6
02/01/2019 9:12,1757.14,27.5
02/01/2019 9:13,1767.92,27.6
02/01/2019 9:14,1742.05,26.9
02/01/2019 9:15,1767.92,24.9
02/01/2019 9:16,1750.67,26.2
02/01/2019 9:17,1806.73,26.8
02/01/2019 9:18,1742.05,26.7
02/01/2019 9:19,1731.27,27.4
02/01/2019 9:20,1754.98,28.4
02/01/2019 9:21,1776.54,27
02/01/2019 9:22,1711.86,27.9
02/01/2019 9:23,1724.8,26.2
02/01/2019 9:24,1748.52,25.9
02/01/2019 9:25,1789.48,26
02/01/2019 9:26,1711.86,25.6
02/01/2019 9:27,1776.54,25.8
02/01/2019 9:28,1744.2,26.8
02/01/2019 9:29,1789.48,27.6
02/01/2019 9:30,1846.94,26.1
02/01/2019 9:31,1750.67,26.6
02/01/2019 9:32,1783.01,25.8
02/01/2019 9:33,1696.77,25.8
02/01/2019 9:34,1732.64,26.8
02/01/2019 9:35,1732.64,25.7
02/01/2019 9:36,1736.97,26.6
02/01/2019 9:37,1728.31,26.3
02/01/2019 9:38,1715.31,27.4
02/01/2019 9:39,1715.31,24.2
02/01/2019 9:40,1700.15,25.4
02/01/2019 9:41,1791.12,25.6
02/01/2019 9:42,1748.52,25.6
02/01/2019 9:43,1723.98,27.5
02/01/2019 9:44,1732.64,27.6
02/01/2019 9:45,1706.65,26.9
02/01/2019 9:46,1710.98,24.9
02/01/2019 9:47,1709.71,26.2
02/01/2019 9:48,1760.8,26.8
02/01/2019 9:49,1726.14,26.7
02/01/2019 9:50,1693.66,27.4
02/01/2019 9:51,1700.15,28.4
02/01/2019 9:52,1702.32,27
02/01/2019 9:53,1697.99,27.9
02/01/2019 9:54,1712.2,26.2
02/01/2019 9:55,1720.9,25.9
02/01/2019 9:56,1715.31,26
02/01/2019 9:57,1708.82,25.6
02/01/2019 9:58,1690.44,25.8
02/01/2019 9:59,1688.27,26.8
02/01/2019 10:00,1699.14,27.6
02/01/2019 10:01,1620.82,26.1
02/01/2019 10:02,1679.56,26.6
02/01/2019 10:03,1738.3,25.8
02/01/2019 10:04,1718.72,25.8
02/01/2019 10:05,1674.02,26.8
02/01/2019 10:06,1708.98,25.7
02/01/2019 10:07,1654.35,26.6
02/01/2019 10:08,1710.02,26.3
02/01/2019 10:09,1701.32,27.4
02/01/2019 10:10,1762.24,24.2
02/01/2019 10:11,1615.01,25.4
02/01/2019 10:12,1623.75,25.6
02/01/2019 10:13,1649.98,25.6
02/01/2019 10:14,1645.61,27.5
02/01/2019 10:15,1608.45,27.6
02/01/2019 10:16,1615.67,26.9
02/01/2019 10:17,1671.83,24.9
02/01/2019 10:18,1698.06,26.2
02/01/2019 10:19,1615.01,26.8
02/01/2019 10:20,1630.31,26.7
02/01/2019 10:21,1619.38,27.4
02/01/2019 10:22,1634.68,28.4
02/01/2019 10:23,1658.72,27
02/01/2019 10:24,1698.06,27.9
02/01/2019 10:25,1652.99,26.2
02/01/2019 10:26,1728.65,25.9
02/01/2019 10:27,1635.42,26
02/01/2019 10:28,1656.53,25.6
02/01/2019 10:29,1715.54,25.8
02/01/2019 10:30,1711.17,26.8
02/01/2019 10:31,1776.73,27.6
02/01/2019 10:32,1704.61,26.1
02/01/2019 10:33,1656.53,26.6
02/01/2019 10:34,1658.72,25.8
02/01/2019 10:35,1689.31,25.8
02/01/2019 10:36,1663.09,26.8
02/01/2019 10:37,1674.16,25.7
02/01/2019 10:38,1723.08,26.6
02/01/2019 10:39,1661.17,26.3
02/01/2019 10:40,1694.79,27.4
02/01/2019 10:41,1690.44,24.2
02/01/2019 10:42,1768.76,25.4
02/01/2019 10:43,1664.33,25.6
02/01/2019 10:44,1677.39,25.6
02/01/2019 10:45,1659.98,27.5
02/01/2019 10:46,1710.02,27.6
02/01/2019 10:47,1683.91,26.9
02/01/2019 10:48,1733.95,24.9
02/01/2019 10:49,1659.98,26.2
02/01/2019 10:50,1694.79,26.8
02/01/2019 10:51,1677.39,26.7
02/01/2019 10:52,1666.51,27.4
02/01/2019 10:53,1630.31,28.4
02/01/2019 10:54,1631.7,27
02/01/2019 10:55,1679.56,27.9
02/01/2019 10:56,1653.46,26.2
02/01/2019 10:57,1630.31,25.9
02/01/2019 10:58,1629.52,26
02/01/2019 10:59,1548.32,25.6