date,load,temperature,,
01/01/2019 1:00,1714.28,25.7,0:00:00,01/01/2019
01/01/2019 2:00,1654.94,26.6,,
01/01/2019 3:00,1557.78,26.3,,
01/01/2019 4:00,1628.57,27.4,,
01/01/2019 5:00,1624.17,24.2,,
01/01/2019 6:00,1656.24,25.4,,
01/01/2019 7:00,1676.33,25.6,,
01/01/2019 8:00,1600.53,25.6,,
01/01/2019 9:00,1574.54,27.5,,
01/01/2019 10:00,1592.54,27.6,,
01/01/2019 11:00,1728.31,26.9,,
01/01/2019 12:00,1604.86,24.9,,
01/01/2019 13:00,1588.19,26.2,,
01/01/2019 14:00,1635.18,26.8,,
01/01/2019 15:00,1635.18,26.7,,
01/01/2019 16:00,1675.93,27.4,,
01/01/2019 17:00,1603.01,28.4,,
01/01/2019 18:00,1616.08,27,,
01/01/2019 19:00,1635.68,27.9,,
01/01/2019 20:00,1613.9,26.2,,
01/01/2019 21:00,1646.57,25.9,,
01/01/2019 22:00,1646.57,26,,
01/01/2019 23:00,1642.21,25.6,,
02/01/2019 0:00,1631.32,25.8,,
02/01/2019 1:00,1644.39,26.8,,
02/01/2019 2:00,1637.86,27.6,,
02/01/2019 3:00,1642.21,26.1,,
02/01/2019 4:00,1618.25,26.6,,
02/01/2019 5:00,1672.7,25.8,,
02/01/2019 6:00,1613.9,25.8,,
02/01/2019 7:00,1611.72,26.8,,
02/01/2019 8:00,1714.09,25.7,,
02/01/2019 9:00,1745.32,26.6,,
02/01/2019 10:00,1677.06,26.3,,
02/01/2019 11:00,1710.63,27.4,,
02/01/2019 12:00,1697.62,24.2,,
02/01/2019 13:00,1652.09,25.4,,
02/01/2019 14:00,1749.66,25.6,,
02/01/2019 15:00,1639.08,25.6,,
02/01/2019 16:00,1732.31,27.5,,
02/01/2019 17:00,1682.45,27.6,,
02/01/2019 18:00,1654.26,26.9,,
02/01/2019 19:00,1636.92,24.9,,
02/01/2019 20:00,1662.93,26.2,,
02/01/2019 21:00,1671.61,26.8,,
02/01/2019 22:00,1717.93,26.7,,
02/01/2019 23:00,1719.3,27.4,,
03/01/2019 0:00,1697.62,28.4,,
03/01/2019 1:00,1726.96,27,,
03/01/2019 2:00,1714.81,27.9,,
03/01/2019 3:00,1659.01,26.2,,
03/01/2019 4:00,1646.14,25.9,,
03/01/2019 5:00,1751.3,26,,
03/01/2019 6:00,1691.21,25.6,,
03/01/2019 7:00,1729.84,25.8,,
03/01/2019 8:00,1646.14,26.8,,
03/01/2019 9:00,1714.81,27.6,,
03/01/2019 10:00,1699.79,26.1,,
03/01/2019 11:00,1699.79,26.6,,
03/01/2019 12:00,1680.47,25.8,,
03/01/2019 13:00,1693.35,25.8,,
03/01/2019 14:00,1772.76,26.8,,
03/01/2019 15:00,1787.78,25.7,,
03/01/2019 16:00,1692.46,26.6,,
03/01/2019 17:00,1767.92,26.3,,
03/01/2019 18:00,1651.5,27.4,,
03/01/2019 19:00,1649.34,24.2,,
03/01/2019 20:00,1651.5,25.4,,
03/01/2019 21:00,1716.18,25.6,,
03/01/2019 22:00,1655.81,25.6,,
03/01/2019 23:00,1716.18,27.5,,
04/01/2019 0:00,1654.35,27.6,,
04/01/2019 1:00,1645.61,26.9,,
04/01/2019 2:00,1674.94,24.9,,
04/01/2019 3:00,1670.55,26.2,,
04/01/2019 4:00,1647.79,26.8,,
04/01/2019 5:00,1652.99,26.7,,
04/01/2019 6:00,1642.01,27.4,,
04/01/2019 7:00,1696.89,28.4,,
04/01/2019 8:00,1624.45,27,,
04/01/2019 9:00,1696.89,27.9,,
04/01/2019 10:00,1683.72,26.2,,
04/01/2019 11:00,1678.39,25.9,,
04/01/2019 12:00,1639.05,26,,
04/01/2019 13:00,1695.87,25.6,,
04/01/2019 14:00,1742.66,25.8,,
04/01/2019 15:00,1668.69,26.8,,
04/01/2019 16:00,1640.4,27.6,,
04/01/2019 17:00,1691.5,26.1,,
04/01/2019 18:00,1733.02,26.6,,
04/01/2019 19:00,1739.58,25.8,,
04/01/2019 20:00,1747.01,25.8,,
04/01/2019 21:00,1671.83,26.8,,
04/01/2019 22:00,1675.21,25.7,,
04/01/2019 23:00,1677.39,26.6,,
05/01/2019 0:00,1727.43,26.3,,
05/01/2019 1:00,1701.32,27.4,,
05/01/2019 2:00,1705.67,24.2,,
05/01/2019 3:00,1696.97,25.4,,
05/01/2019 4:00,1668.69,25.6,,
05/01/2019 5:00,1723.08,25.6,,
05/01/2019 6:00,1782.45,27.5,,
05/01/2019 7:00,1695.82,27.6,,
05/01/2019 8:00,1784.62,26.9,,
05/01/2019 9:00,1746.36,24.9,,
05/01/2019 10:00,1723.98,26.2,,
05/01/2019 11:00,1781.6,26.8,,
05/01/2019 12:00,1755.47,26.7,,
05/01/2019 13:00,1709.73,27.4,,
05/01/2019 14:00,1755.47,28.4,,
05/01/2019 15:00,1740.22,27,,
05/01/2019 16:00,1782.18,27.9,,
05/01/2019 17:00,1792.49,26.2,,
05/01/2019 18:00,1709.73,25.9,,
05/01/2019 19:00,1794.67,26,,
05/01/2019 20:00,1803.86,25.6,,
05/01/2019 21:00,1701.02,25.8,,
05/01/2019 22:00,1759.82,26.8,,
05/01/2019 23:00,1753.29,27.6,,
06/01/2019 0:00,1777.84,26.1,,
06/01/2019 1:00,1779.43,26.6,,
06/01/2019 2:00,1674.88,25.8,,
06/01/2019 3:00,1701.02,25.8,,
06/01/2019 4:00,1703.2,26.8,,
06/01/2019 5:00,1690.13,25.7,,
06/01/2019 6:00,1727.15,26.6,,
06/01/2019 7:00,1689.06,26.3,,
06/01/2019 8:00,1730.63,27.4,,
06/01/2019 9:00,1682.5,24.2,,
06/01/2019 10:00,1761.26,25.4,,
06/01/2019 11:00,1715.31,25.6,,
06/01/2019 12:00,1708.75,25.6,,
06/01/2019 13:00,1842.59,27.5,,
06/01/2019 14:00,1710.94,27.6,,
06/01/2019 15:00,1675.93,26.9,,
06/01/2019 16:00,1719.69,24.9,,
06/01/2019 17:00,1721.88,26.2,,
06/01/2019 18:00,1686.87,26.8,,
06/01/2019 19:00,1700,26.7,,
06/01/2019 20:00,1728.44,27.4,,
06/01/2019 21:00,1739.38,28.4,,
06/01/2019 22:00,1745.94,27,,
06/01/2019 23:00,1735,27.9,,
07/01/2019 0:00,1752.51,26.2,,
07/01/2019 1:00,1783.14,25.9,,
07/01/2019 2:00,1748.13,26,,
07/01/2019 3:00,1715.31,25.6,,
07/01/2019 4:00,1752.51,25.8,,
07/01/2019 5:00,1671.56,26.8,,
07/01/2019 6:00,1785.33,27.6,,
07/01/2019 7:00,1805.02,26.1,,
07/01/2019 8:00,1707.69,26.6,,
07/01/2019 9:00,1798.45,25.8,,
07/01/2019 10:00,1712.09,25.8,,
07/01/2019 11:00,1857.53,26.8,,
07/01/2019 12:00,1896.91,25.7,,
07/01/2019 13:00,1678.12,26.6,,
07/01/2019 14:00,1695.62,26.3,,
07/01/2019 15:00,1710.94,27.4,,
07/01/2019 16:00,1721.88,24.2,,
07/01/2019 17:00,1842.21,25.4,,
07/01/2019 18:00,1861.9,25.6,,
07/01/2019 19:00,1712.09,25.6,,
07/01/2019 20:00,1721.88,27.5,,
07/01/2019 21:00,1673.74,27.6,,
07/01/2019 22:00,1701.1,26.9,,
07/01/2019 23:00,1745.05,24.9,,
08/01/2019 0:00,1760.06,26.2,,
08/01/2019 1:00,1679.56,26.8,,
08/01/2019 2:00,1696.97,26.7,,
08/01/2019 3:00,1829.68,27.4,,
08/01/2019 4:00,1801.4,28.4,,
08/01/2019 5:00,1788.34,27,,
08/01/2019 6:00,1705.67,27.9,,
08/01/2019 7:00,1783.99,26.2,,
08/01/2019 8:00,1764.41,25.9,,
08/01/2019 9:00,1712.2,26,,
08/01/2019 10:00,1775.29,25.6,,
08/01/2019 11:00,1666.51,25.8,,
08/01/2019 12:00,1746.13,26.8,,
08/01/2019 13:00,1674.02,27.6,,
08/01/2019 14:00,1698.06,26.1,,
08/01/2019 15:00,1671.83,26.6,,
08/01/2019 16:00,1733.02,25.8,,
08/01/2019 17:00,1691.5,25.8,,
08/01/2019 18:00,1773.11,26.8,,
08/01/2019 19:00,1741.76,25.7,,
08/01/2019 20:00,1725.25,26.6,,
08/01/2019 21:00,1690.44,26.3,,
08/01/2019 22:00,1668.69,27.4,,
08/01/2019 23:00,1710.02,24.2,,
09/01/2019 0:00,1713.35,25.4,,
09/01/2019 1:00,1707.85,25.6,,
09/01/2019 2:00,1731.78,25.6,,
09/01/2019 3:00,1680.57,27.5,,
09/01/2019 4:00,1652.16,27.6,,
09/01/2019 5:00,1751.36,26.9,,
09/01/2019 6:00,1726.47,24.9,,
09/01/2019 7:00,1658.72,26.2,,
09/01/2019 8:00,1717.72,26.8,,
09/01/2019 9:00,1759.25,26.7,,
09/01/2019 10:00,1702.43,27.4,,
09/01/2019 11:00,1660.9,28.4,,
09/01/2019 12:00,1698.06,27,,
09/01/2019 13:00,1796.4,27.9,,
09/01/2019 14:00,1652.16,26.2,,
09/01/2019 15:00,1785.47,25.9,,
09/01/2019 16:00,1745.18,26,,
09/01/2019 17:00,1783.29,25.6,,
09/01/2019 18:00,1721.04,25.8,,
09/01/2019 19:00,1741.95,26.8,,
09/01/2019 20:00,1750.77,27.6,,
09/01/2019 21:00,1799.28,26.1,,
09/01/2019 22:00,1664.78,26.6,,
09/01/2019 23:00,1662.57,25.8,,
10/01/2019 0:00,1781.64,25.8,,
10/01/2019 1:00,1741.95,26.8,,
10/01/2019 2:00,1783.85,25.7,,
10/01/2019 3:00,1730.93,26.6,,
10/01/2019 4:00,1793.48,26.3,,
10/01/2019 5:00,1789.09,27.4,,
10/01/2019 6:00,1751.77,24.2,,
10/01/2019 7:00,1688.11,25.4,,
10/01/2019 8:00,1681.52,25.6,,
10/01/2019 9:00,1674.94,25.6,,
10/01/2019 10:00,1670.55,27.5,,
10/01/2019 11:00,1677.13,27.6,,
10/01/2019 12:00,1683.72,26.9,,
10/01/2019 13:00,1767.14,24.9,,
10/01/2019 14:00,1721.04,26.2,,
10/01/2019 15:00,1723.23,26.8,,
10/01/2019 16:00,1694.69,26.7,,
10/01/2019 17:00,1749.57,27.4,,
10/01/2019 18:00,1681.52,28.4,,
10/01/2019 19:00,1716.65,27,,
10/01/2019 20:00,1763.62,27.9,,
10/01/2019 21:00,1767.14,26.2,,
10/01/2019 22:00,1721.04,25.9,,
10/01/2019 23:00,1688.11,26,,
11/01/2019 0:00,1689.31,25.6,,
11/01/2019 1:00,1700.24,25.8,,
11/01/2019 2:00,1711.17,26.8,,
11/01/2019 3:00,1674.02,27.6,,
11/01/2019 4:00,1678.39,26.1,,
11/01/2019 5:00,1691.5,26.6,,
11/01/2019 6:00,1698.06,25.8,,
11/01/2019 7:00,1737.39,25.8,,
11/01/2019 8:00,1708.98,26.8,,
11/01/2019 9:00,1722.1,25.7,,
11/01/2019 10:00,1687.13,26.6,,
11/01/2019 11:00,1713.35,26.3,,
11/01/2019 12:00,1710.02,27.4,,
11/01/2019 13:00,1798.58,24.2,,
11/01/2019 14:00,1671.83,25.4,,
11/01/2019 15:00,1853.22,25.6,,
11/01/2019 16:00,1783.99,25.6,,
11/01/2019 17:00,1738.3,27.5,,
11/01/2019 18:00,1827.5,27.6,,
11/01/2019 19:00,1818.8,26.9,,
11/01/2019 20:00,1712.2,24.9,,
11/01/2019 21:00,1790.52,26.2,,
11/01/2019 22:00,1707.85,26.8,,
11/01/2019 23:00,1838.76,26.7,,
12/01/2019 0:00,1715.31,27.4,,
12/01/2019 1:00,1806.28,28.4,,
12/01/2019 2:00,1742.66,27,,
12/01/2019 3:00,1721.81,27.9,,
12/01/2019 4:00,1791.12,26.2,,
12/01/2019 5:00,1795.45,25.9,,
12/01/2019 6:00,1732.64,26,,
12/01/2019 7:00,1842.59,25.6,,
12/01/2019 8:00,1836.05,25.8,,
12/01/2019 9:00,1868.72,26.8,,
12/01/2019 10:00,1737.74,27.6,,
12/01/2019 11:00,1888.42,26.1,,
12/01/2019 12:00,1744.86,26.6,,
12/01/2019 13:00,1738.42,25.8,,
12/01/2019 14:00,1738.42,25.8,,
12/01/2019 15:00,1749.15,26.8,,
12/01/2019 16:00,1807.39,25.7,,
12/01/2019 17:00,1838.76,26.6,,
12/01/2019 18:00,1724.8,26.3,,
12/01/2019 19:00,1802.42,27.4,,
12/01/2019 20:00,1752.83,24.2,,
12/01/2019 21:00,1711.86,25.4,,
12/01/2019 22:00,1703.24,25.6,,
12/01/2019 23:00,1719.65,25.6,,
13/01/2019 0:00,1708.82,27.5,,
13/01/2019 1:00,1723.98,27.6,,
13/01/2019 2:00,1788.95,26.9,,
13/01/2019 3:00,1765.13,24.9,,
13/01/2019 4:00,1741.3,26.2,,
13/01/2019 5:00,1745.63,26.8,,
13/01/2019 6:00,1739.14,26.7,,
13/01/2019 7:00,1832.27,27.4,,
13/01/2019 8:00,1794.87,28.4,,
13/01/2019 9:00,1783.99,27,,
13/01/2019 10:00,1714.37,27.9,,
13/01/2019 11:00,1714.37,26.2,,
13/01/2019 12:00,1733.95,25.9,,
13/01/2019 13:00,1756.46,26,,
13/01/2019 14:00,1721.81,25.6,,
13/01/2019 15:00,1693.66,25.8,,
13/01/2019 16:00,1747.8,26.8,,
13/01/2019 17:00,1929.73,27.6,,
13/01/2019 18:00,1736.13,26.1,,
13/01/2019 19:00,1755.71,26.6,,
13/01/2019 20:00,1739.14,25.8,,
13/01/2019 21:00,1806.28,25.8,,
13/01/2019 22:00,1756.46,26.8,,
13/01/2019 23:00,1731.78,25.7,,
14/01/2019 0:00,1850.96,26.6,,
14/01/2019 1:00,1812.77,26.3,,
14/01/2019 2:00,1745.63,27.4,,
14/01/2019 3:00,1745.63,24.2,,
14/01/2019 4:00,1938.48,25.4,,
14/01/2019 5:00,1745.63,25.6,,
14/01/2019 6:00,1749.97,25.6,,
14/01/2019 7:00,1823.6,27.5,,
14/01/2019 8:00,1940.67,27.6,,
14/01/2019 9:00,1817.11,26.9,,
14/01/2019 10:00,1899.1,24.9,,
14/01/2019 11:00,1799.78,26.2,,
14/01/2019 12:00,1953.79,26.8,,
14/01/2019 13:00,1747.8,26.7,,
14/01/2019 14:00,1884.25,27.4,,
14/01/2019 15:00,1773.79,28.4,,
14/01/2019 16:00,1730.47,27,,
14/01/2019 17:00,1797.61,27.9,,
14/01/2019 18:00,1754.3,26.2,,
14/01/2019 19:00,1843.1,25.9,,
14/01/2019 20:00,1756.46,26,,
14/01/2019 21:00,1821.44,25.6,,
14/01/2019 22:00,1819.27,25.8,,
14/01/2019 23:00,1784.62,26.8,,
15/01/2019 0:00,1749.97,27.6,,
15/01/2019 1:00,1736.13,26.1,,
15/01/2019 2:00,1762.24,26.6,,
15/01/2019 3:00,1872.84,25.8,,
15/01/2019 4:00,1739.14,25.8,,
15/01/2019 5:00,1936.29,26.8,,
15/01/2019 6:00,1894.72,25.7,,
15/01/2019 7:00,1920.98,26.6,,
15/01/2019 8:00,1990.99,26.3,,
15/01/2019 9:00,1805.02,27.4,,
15/01/2019 10:00,1825.77,24.2,,
15/01/2019 11:00,1775.29,25.4,,
15/01/2019 12:00,1766.59,25.6,,
15/01/2019 13:00,1901.1,25.6,,
15/01/2019 14:00,1842.73,27.5,,
15/01/2019 15:00,1866.66,27.6,,
15/01/2019 16:00,1796.4,26.9,,
15/01/2019 17:00,1757.88,24.9,,
15/01/2019 18:00,1942.86,26.2,,
15/01/2019 19:00,1792.69,26.8,,
15/01/2019 20:00,1916.48,26.7,,
15/01/2019 21:00,1775.29,27.4,,
15/01/2019 22:00,1777.47,28.4,,
15/01/2019 23:00,1816.07,27,,
16/01/2019 0:00,1832.99,27.9,,
16/01/2019 1:00,1802.26,26.2,,
16/01/2019 2:00,1857.14,25.9,,
16/01/2019 3:00,1806.65,26,,
16/01/2019 4:00,1811.04,25.6,,
16/01/2019 5:00,1830.8,25.8,,
16/01/2019 6:00,1747.38,26.8,,
16/01/2019 7:00,1864.15,27.6,,
16/01/2019 8:00,1805.14,26.1,,
16/01/2019 9:00,1851.03,26.6,,
16/01/2019 10:00,1819.82,25.8,,
16/01/2019 11:00,1808.84,25.8,,
16/01/2019 12:00,1819.82,26.8,,
16/01/2019 13:00,1721.04,25.7,,
16/01/2019 14:00,1800.06,26.6,,
16/01/2019 15:00,1771.53,26.3,,
16/01/2019 16:00,1760.55,27.4,,
16/01/2019 17:00,1790.44,24.2,,
16/01/2019 18:00,1676.51,25.4,,
16/01/2019 19:00,1803.69,25.6,,
16/01/2019 20:00,1854.47,25.6,,
16/01/2019 21:00,1894.21,27.5,,
16/01/2019 22:00,1829.52,27.6,,
16/01/2019 23:00,1860.57,26.9,,
17/01/2019 0:00,1820.65,24.9,,
17/01/2019 1:00,1789.6,26.2,,
17/01/2019 2:00,1811.78,26.8,,
17/01/2019 3:00,1767.43,26.7,,
17/01/2019 4:00,1786.03,27.4,,
17/01/2019 5:00,1760.77,28.4,,
17/01/2019 6:00,1756.04,27,,
17/01/2019 7:00,1846.15,27.9,,
17/01/2019 8:00,1767.03,26.2,,
17/01/2019 9:00,1736.26,25.9,,
17/01/2019 10:00,1773.62,26,,
17/01/2019 11:00,1791.21,25.6,,
17/01/2019 12:00,1929.67,25.8,,
17/01/2019 13:00,1764.83,26.8,,
17/01/2019 14:00,1927.47,27.6,,
17/01/2019 15:00,1854.94,26.1,,
17/01/2019 16:00,1824.17,26.6,,
17/01/2019 17:00,1854.94,25.8,,
17/01/2019 18:00,1808.79,25.8,,
17/01/2019 19:00,1752.91,26.8,,
17/01/2019 20:00,1702.14,25.7,,
17/01/2019 21:00,1737.46,26.6,,
17/01/2019 22:00,1803.69,26.3,,
17/01/2019 23:00,1867.71,27.4,,
18/01/2019 0:00,1785.47,24.2,,
18/01/2019 1:00,1782.5,25.4,,
18/01/2019 2:00,1740.79,25.6,,
18/01/2019 3:00,1761.43,25.6,,
18/01/2019 4:00,1770.17,27.5,,
18/01/2019 5:00,1764.94,27.6,,
18/01/2019 6:00,1842.29,26.9,,
18/01/2019 7:00,1781.1,24.9,,
18/01/2019 8:00,1695.87,26.2,,
18/01/2019 9:00,1717.72,26.8,,
18/01/2019 10:00,1763.62,26.7,,
18/01/2019 11:00,1754.88,27.4,,
18/01/2019 12:00,1698.06,28.4,,
18/01/2019 13:00,1725.81,27,,
18/01/2019 14:00,1598.65,27.9,,
18/01/2019 15:00,1647.76,26.2,,
18/01/2019 16:00,1669.44,25.9,,
18/01/2019 17:00,1675.94,26,,
18/01/2019 18:00,1707.55,25.6,,
18/01/2019 19:00,1608.38,25.8,,
18/01/2019 20:00,1639.51,26.8,,
18/01/2019 21:00,1649.34,27.6,,
18/01/2019 22:00,1650.34,26.1,,
18/01/2019 23:00,1625.62,26.6,,
19/01/2019 0:00,1624.35,25.8,,
19/01/2019 1:00,1651.5,25.8,,
19/01/2019 2:00,1626.52,26.8,,
19/01/2019 3:00,1680.66,25.7,,
19/01/2019 4:00,1642.58,26.6,,
19/01/2019 5:00,1642.21,26.3,,
19/01/2019 6:00,1620.43,27.4,,
19/01/2019 7:00,1663.99,24.2,,
19/01/2019 8:00,1646.57,25.4,,
19/01/2019 9:00,1642.21,25.6,,
19/01/2019 10:00,1620.43,25.6,,
19/01/2019 11:00,1625.61,27.5,,
19/01/2019 12:00,1664.99,27.6,,
19/01/2019 13:00,1686.87,26.9,,
19/01/2019 14:00,1658.43,24.9,,
19/01/2019 15:00,1645.3,26.2,,
19/01/2019 16:00,1634.36,26.8,,
19/01/2019 17:00,1656.24,26.7,,
19/01/2019 18:00,1668.35,27.4,,
19/01/2019 19:00,1644.39,28.4,,
19/01/2019 20:00,1655.28,27,,
19/01/2019 21:00,1694.48,27.9,,
19/01/2019 22:00,1690.13,26.2,,
19/01/2019 23:00,1696.66,25.9,,
20/01/2019 0:00,1683.59,26,,
20/01/2019 1:00,1642.21,25.6,,
20/01/2019 2:00,1655.28,25.8,,
20/01/2019 3:00,1685.77,26.8,,
20/01/2019 4:00,1683.59,27.6,,
20/01/2019 5:00,1748.93,26.1,,
20/01/2019 6:00,1674.88,26.6,,
20/01/2019 7:00,1730.14,25.8,,
20/01/2019 8:00,1703.2,25.8,,
20/01/2019 9:00,1671.61,26.8,,
20/01/2019 10:00,1680.28,25.7,,
20/01/2019 11:00,1701.96,26.6,,
20/01/2019 12:00,1677.37,26.3,,
20/01/2019 13:00,1724.8,27.4,,
20/01/2019 14:00,1700.15,24.2,,
20/01/2019 15:00,1688.15,25.4,,
20/01/2019 16:00,1684.99,25.6,,
20/01/2019 17:00,1690.3,25.6,,
20/01/2019 18:00,1650.34,27.5,,
20/01/2019 19:00,1716.18,27.6,,
20/01/2019 20:00,1744.2,26.9,,
20/01/2019 21:00,1690.3,24.9,,
20/01/2019 22:00,1670.9,26.2,,
20/01/2019 23:00,1680.47,26.8,,
21/01/2019 0:00,1647.18,26.7,,
21/01/2019 1:00,1686.91,27.4,,
21/01/2019 2:00,1653.65,28.4,,
21/01/2019 3:00,1718.33,27,,
21/01/2019 4:00,1793.79,27.9,,
21/01/2019 5:00,1668.74,26.2,,
21/01/2019 6:00,1649.34,25.9,,
21/01/2019 7:00,1660.12,26,,
21/01/2019 8:00,1680.47,25.6,,
21/01/2019 9:00,1682.62,25.8,,
21/01/2019 10:00,1677.37,26.8,,
21/01/2019 11:00,1690.3,27.6,,
21/01/2019 12:00,1676.33,26.1,,
21/01/2019 13:00,1682.83,26.6,,
21/01/2019 14:00,1690.44,25.8,,
21/01/2019 15:00,1657.81,25.8,,
21/01/2019 16:00,1699.14,26.8,,
21/01/2019 17:00,1681.74,25.7,,
21/01/2019 18:00,1677.39,26.6,,
21/01/2019 19:00,1699.14,26.3,,
21/01/2019 20:00,1664.33,27.4,,
21/01/2019 21:00,1659.98,24.2,,
21/01/2019 22:00,1668.69,25.4,,
21/01/2019 23:00,1743.47,25.6,,
22/01/2019 0:00,1758.63,25.6,,
22/01/2019 1:00,1683.91,27.5,,
22/01/2019 2:00,1691.49,27.6,,
22/01/2019 3:00,1676.33,26.9,,
22/01/2019 4:00,1687.16,24.9,,
22/01/2019 5:00,1767.92,26.2,,
22/01/2019 6:00,1667.67,26.8,,
22/01/2019 7:00,1676.33,26.7,,
22/01/2019 8:00,1717.48,27.4,,
22/01/2019 9:00,1706.65,28.4,,
22/01/2019 10:00,1783.01,27,,
22/01/2019 11:00,1836.91,27.9,,
22/01/2019 12:00,1706.65,26.2,,
22/01/2019 13:00,1672,25.9,,
22/01/2019 14:00,1697.99,26,,
22/01/2019 15:00,1714.02,25.6,,
22/01/2019 16:00,1679.52,25.8,,
22/01/2019 17:00,1685.99,26.8,,
22/01/2019 18:00,1754.98,27.6,,
22/01/2019 19:00,1681.74,26.1,,
22/01/2019 20:00,1669.65,26.6,,
22/01/2019 21:00,1671.83,25.8,,
22/01/2019 22:00,1670.86,25.8,,
22/01/2019 23:00,1680.57,26.8,,
23/01/2019 0:00,1762.64,25.7,,
23/01/2019 1:00,1701.1,26.6,,
23/01/2019 2:00,1694.5,26.3,,
23/01/2019 3:00,1683.51,27.4,,
23/01/2019 4:00,1687.91,24.2,,
23/01/2019 5:00,1681.32,25.4,,
23/01/2019 6:00,1716.48,25.6,,
23/01/2019 7:00,1767.82,25.6,,
23/01/2019 8:00,1821.98,27.5,,
23/01/2019 9:00,1859.72,27.6,,
23/01/2019 10:00,1735,26.9,,
23/01/2019 11:00,1770.01,24.9,,
23/01/2019 12:00,1822.52,26.2,,
23/01/2019 13:00,1800.64,26.8,,
23/01/2019 14:00,1780.22,26.7,,
23/01/2019 15:00,1696.7,27.4,,
23/01/2019 16:00,1729.67,28.4,,
23/01/2019 17:00,1720.88,27,,
23/01/2019 18:00,1756.04,27.9,,
23/01/2019 19:00,1716.48,26.2,,
23/01/2019 20:00,1764.83,25.9,,
23/01/2019 21:00,1770.01,26,,
23/01/2019 22:00,1756.88,25.6,,
23/01/2019 23:00,1756.88,25.8,,
24/01/2019 0:00,1730.63,26.8,,
24/01/2019 1:00,1745.94,27.6,,
24/01/2019 2:00,1800.64,26.1,,
24/01/2019 3:00,1735,26.6,,
24/01/2019 4:00,1735,25.8,,
24/01/2019 5:00,1859.72,25.8,,
24/01/2019 6:00,1731.87,26.8,,
24/01/2019 7:00,1698.9,25.7,,
24/01/2019 8:00,1717.5,26.6,,
24/01/2019 9:00,1817.58,26.3,,
24/01/2019 10:00,1745.05,27.4,,
24/01/2019 11:00,1720.88,24.2,,
24/01/2019 12:00,1731.87,25.4,,
24/01/2019 13:00,1743.76,25.6,,
24/01/2019 14:00,1791.89,25.6,,
24/01/2019 15:00,1708.75,27.5,,
24/01/2019 16:00,1765.64,27.6,,
24/01/2019 17:00,1738.46,26.9,,
24/01/2019 18:00,1791.89,24.9,,
24/01/2019 19:00,1764.83,26.2,,
24/01/2019 20:00,1749.45,26.8,,
24/01/2019 21:00,1741.57,26.7,,
24/01/2019 22:00,1780.22,27.4,,
24/01/2019 23:00,1786.81,28.4,,
25/01/2019 0:00,1751.65,27,,
25/01/2019 1:00,1710.94,27.9,,
25/01/2019 2:00,1753.84,26.2,,
25/01/2019 3:00,1802.2,25.9,,
25/01/2019 4:00,1763.45,26,,
25/01/2019 5:00,1896.7,25.6,,
25/01/2019 6:00,1738.46,25.8,,
25/01/2019 7:00,1819.78,26.8,,
25/01/2019 8:00,1762.64,27.6,,
25/01/2019 9:00,1770.01,26.1,,
25/01/2019 10:00,1813.19,26.6,,
25/01/2019 11:00,1731.87,25.8,,
25/01/2019 12:00,1733.95,25.8,,
25/01/2019 13:00,1768.76,26.8,,
25/01/2019 14:00,1702.43,25.7,,
25/01/2019 15:00,1702.43,26.6,,
25/01/2019 16:00,1710.02,26.3,,
25/01/2019 17:00,1722.1,27.4,,
25/01/2019 18:00,1726.47,24.2,,
25/01/2019 19:00,1689.31,25.4,,
25/01/2019 20:00,1833.55,25.6,,
25/01/2019 21:00,1722.1,25.6,,
25/01/2019 22:00,1739.58,27.5,,
25/01/2019 23:00,1816.07,27.6,,
26/01/2019 0:00,1695.87,26.9,,
26/01/2019 1:00,1746.13,24.9,,
26/01/2019 2:00,1840.11,26.2,,
26/01/2019 3:00,1787.66,26.8,,
26/01/2019 4:00,1782.5,26.7,,
26/01/2019 5:00,1764.94,27.4,,
26/01/2019 6:00,1757.06,28.4,,
26/01/2019 7:00,1692.5,27,,
26/01/2019 8:00,1717.72,27.9,,
26/01/2019 9:00,1761.43,26.2,,
26/01/2019 10:00,1715.54,25.9,,
26/01/2019 11:00,1729.82,26,,
26/01/2019 12:00,1770.17,25.6,,
26/01/2019 13:00,1691.5,25.8,,
26/01/2019 14:00,1738.6,26.8,,
26/01/2019 15:00,1701.28,27.6,,
26/01/2019 16:00,1802.26,26.1,,
26/01/2019 17:00,1696.89,26.6,,
26/01/2019 18:00,1692.5,25.8,,
26/01/2019 19:00,1830.8,25.8,,
26/01/2019 20:00,1692.5,26.8,,
26/01/2019 21:00,1701.28,25.7,,
26/01/2019 22:00,1793.48,26.6,,
26/01/2019 23:00,1710.06,26.3,,
27/01/2019 0:00,1695.65,27.4,,
27/01/2019 1:00,1727.62,24.2,,
27/01/2019 2:00,1693.44,25.4,,
27/01/2019 3:00,1750.77,25.6,,
27/01/2019 4:00,1700.97,25.6,,
27/01/2019 5:00,1702.26,27.5,,
27/01/2019 6:00,1733.13,27.6,,
27/01/2019 7:00,1747.48,26.9,,
27/01/2019 8:00,1747.48,24.9,,
27/01/2019 9:00,1746.36,26.2,,
27/01/2019 10:00,1720.9,26.8,,
27/01/2019 11:00,1716.65,26.7,,
27/01/2019 12:00,1690.3,27.4,,
27/01/2019 13:00,1690.3,28.4,,
27/01/2019 14:00,1735.21,27,,
27/01/2019 15:00,1763.62,27.9,,
27/01/2019 16:00,1747.01,26.2,,
27/01/2019 17:00,1840.56,25.9,,
27/01/2019 18:00,1794.21,26,,
27/01/2019 19:00,1707.87,25.6,,
27/01/2019 20:00,1789.09,25.8,,
27/01/2019 21:00,1716.65,26.8,,
27/01/2019 22:00,1776.73,27.6,,
27/01/2019 23:00,1732.01,26.1,,
28/01/2019 0:00,1708.98,26.6,,
28/01/2019 1:00,1787.66,25.8,,
28/01/2019 2:00,1748.32,25.8,,
28/01/2019 3:00,1698.06,26.8,,
28/01/2019 4:00,1907.85,25.7,,
28/01/2019 5:00,1776.73,26.6,,
28/01/2019 6:00,1776.73,26.3,,
28/01/2019 7:00,1855.4,27.4,,
28/01/2019 8:00,1708.98,24.2,,
28/01/2019 9:00,1752.69,25.4,,
28/01/2019 10:00,1783.99,25.6,,
28/01/2019 11:00,1719.91,25.6,,
28/01/2019 12:00,1820.44,27.5,,
28/01/2019 13:00,1770.94,27.6,,
28/01/2019 14:00,1735.21,26.9,,
28/01/2019 15:00,1779.64,24.9,,
28/01/2019 16:00,1770.94,26.2,,
28/01/2019 17:00,1757.88,26.8,,
28/01/2019 18:00,1733.95,26.7,,
28/01/2019 19:00,1838.38,27.4,,
28/01/2019 20:00,1725.25,28.4,,
28/01/2019 21:00,1858.26,27,,
28/01/2019 22:00,1831.86,27.9,,
28/01/2019 23:00,1819.27,26.2,,
29/01/2019 0:00,1838.76,25.9,,
29/01/2019 1:00,1864.75,26,,
29/01/2019 2:00,1888.16,25.6,,
29/01/2019 3:00,1790.52,25.8,,
29/01/2019 4:00,1775.96,26.8,,
29/01/2019 5:00,1812.77,27.6,,
29/01/2019 6:00,1868.47,26.1,,
29/01/2019 7:00,1855.34,26.6,,
29/01/2019 8:00,1747.8,25.8,,
29/01/2019 9:00,1795.45,25.8,,
29/01/2019 10:00,1851.76,26.8,,
29/01/2019 11:00,1773.79,25.7,,
29/01/2019 12:00,1758.63,26.6,,
29/01/2019 13:00,1849.12,26.3,,
29/01/2019 14:00,1788.95,27.4,,
29/01/2019 15:00,1775.96,24.2,,
29/01/2019 16:00,1773.79,25.4,,
29/01/2019 17:00,1776.54,25.6,,
29/01/2019 18:00,1812.1,25.6,,
29/01/2019 19:00,1774.39,27.5,,
29/01/2019 20:00,1853.48,27.6,,
29/01/2019 21:00,1768.47,26.9,,
29/01/2019 22:00,1845.54,24.9,,
29/01/2019 23:00,1757.74,26.2,,
30/01/2019 0:00,1827.94,26.8,,
30/01/2019 1:00,1773.79,26.7,,
30/01/2019 2:00,1819.27,27.4,,
30/01/2019 3:00,1834.76,28.4,,
30/01/2019 4:00,1844.77,27,,
30/01/2019 5:00,1778.7,27.9,,
30/01/2019 6:00,1808.44,26.2,,
30/01/2019 7:00,1824.71,25.9,,
30/01/2019 8:00,1757.14,26,,
30/01/2019 9:00,1757.14,25.6,,
30/01/2019 10:00,1731.27,25.8,,
30/01/2019 11:00,1735.58,26.8,,
30/01/2019 12:00,1742.66,27.6,,
30/01/2019 13:00,1883.51,26.1,,
30/01/2019 14:00,1783.99,26.6,,
30/01/2019 15:00,1894.5,25.8,,
30/01/2019 16:00,1736.13,25.8,,
30/01/2019 17:00,1812.27,26.8,,
30/01/2019 18:00,1773.11,25.7,,
30/01/2019 19:00,1751.36,26.6,,
30/01/2019 20:00,1788.34,26.3,,
30/01/2019 21:00,1840.56,27.4,,
30/01/2019 22:00,1729.6,24.2,,
30/01/2019 23:00,1720.9,25.4,,
31/01/2019 0:00,1739.14,25.6,,
31/01/2019 1:00,1875.58,25.6,,
31/01/2019 2:00,1814.94,27.5,,
31/01/2019 3:00,1773.79,27.6,,
31/01/2019 4:00,1890.5,26.9,,
31/01/2019 5:00,1793.79,24.9,,
31/01/2019 6:00,1763.61,26.2,,
31/01/2019 7:00,1749.97,26.8,,
31/01/2019 8:00,1730.47,26.7,,
31/01/2019 9:00,1748.52,27.4,,
31/01/2019 10:00,1783.01,28.4,,
31/01/2019 11:00,1724.8,27,,
31/01/2019 12:00,1767.92,27.9,,
31/01/2019 13:00,1757.74,26.2,,
31/01/2019 14:00,1774.39,25.9,,
31/01/2019 15:00,1802.81,26,,
31/01/2019 16:00,1761.45,25.6,,
31/01/2019 17:00,1905.76,25.8,,
31/01/2019 18:00,1862.4,26.8,,
31/01/2019 19:00,1914.43,27.6,,
31/01/2019 20:00,1772.23,26.1,,
31/01/2019 21:00,1754.98,26.6,,
31/01/2019 22:00,1776.54,25.8,,
31/01/2019 23:00,1772.23,25.8,,
01/02/2019 0:00,1759.3,26.8,,
01/02/2019 1:00,1780.29,25.7,,
01/02/2019 2:00,1784.62,26.6,,
01/02/2019 3:00,1747.8,26.3,,
01/02/2019 4:00,1754.3,27.4,,
01/02/2019 5:00,1758.63,24.2,,
01/02/2019 6:00,1866.92,25.4,,
01/02/2019 7:00,1806.28,25.6,,
01/02/2019 8:00,1925.35,25.6,,
01/02/2019 9:00,1804.11,27.5,,
01/02/2019 10:00,1931.92,27.6,,
01/02/2019 11:00,1888.16,26.9,,
01/02/2019 12:00,1737.74,24.9,,
01/02/2019 13:00,1897.24,26.2,,
01/02/2019 14:00,1953.67,26.8,,
01/02/2019 15:00,1864.37,26.7,,
01/02/2019 16:00,1849.59,27.4,,
01/02/2019 17:00,1762.96,28.4,,
01/02/2019 18:00,1791.12,27,,
01/02/2019 19:00,1748.52,27.9,,
01/02/2019 20:00,1775.96,26.2,,
01/02/2019 21:00,1762.96,25.9,,
01/02/2019 22:00,1849.59,26,,
01/02/2019 23:00,1793.28,25.6,,
02/02/2019 0:00,1765.13,25.8,,
02/02/2019 1:00,1767.29,26.8,,
02/02/2019 2:00,1795.45,27.6,,
02/02/2019 3:00,1806.28,26.1,,
02/02/2019 4:00,1760.8,26.6,,
02/02/2019 5:00,1773.79,25.8,,
02/02/2019 6:00,1749.97,25.8,,
02/02/2019 7:00,1745.63,26.8,,
02/02/2019 8:00,1784.62,25.7,,
02/02/2019 9:00,1842.59,26.6,,
02/02/2019 10:00,1747.8,26.3,,
02/02/2019 11:00,1808.44,27.4,,
02/02/2019 12:00,1797.61,24.2,,
02/02/2019 13:00,1742.66,25.4,,
02/02/2019 14:00,1742.66,25.6,,
02/02/2019 15:00,1832.27,25.6,,
02/02/2019 16:00,1864.75,27.5,,
02/02/2019 17:00,1784.62,27.6,,
02/02/2019 18:00,1758.63,26.9,,
02/02/2019 19:00,1802.42,24.9,,
02/02/2019 20:00,1780.29,26.2,,
02/02/2019 21:00,1788.95,26.8,,
02/02/2019 22:00,1806.28,26.7,,
02/02/2019 23:00,1804.11,27.4,,
03/02/2019 0:00,1773.79,28.4,,
03/02/2019 1:00,1742.66,27,,
03/02/2019 2:00,1728.31,27.9,,
03/02/2019 3:00,1870.9,26.2,,
03/02/2019 4:00,1717.48,25.9,,
03/02/2019 5:00,1750.32,26,,
03/02/2019 6:00,1682.5,25.6,,
03/02/2019 7:00,1713.13,25.8,,
03/02/2019 8:00,1745.94,26.8,,
03/02/2019 9:00,1694.5,27.6,,
03/02/2019 10:00,1715.38,26.1,,
03/02/2019 11:00,1750.71,26.6,,
03/02/2019 12:00,1728.63,25.8,,
03/02/2019 13:00,1792.65,25.8,,
03/02/2019 14:00,1702.14,26.8,,
03/02/2019 15:00,1719.8,25.7,,
03/02/2019 16:00,1708.76,26.6,,
03/02/2019 17:00,1724.21,26.3,,
03/02/2019 18:00,1713.18,27.4,,
03/02/2019 19:00,1706.55,24.2,,
03/02/2019 20:00,1733.04,25.4,,
03/02/2019 21:00,1841.22,25.6,,
03/02/2019 22:00,1784.61,25.6,,
03/02/2019 23:00,1742.86,27.5,,
04/02/2019 0:00,1706.55,27.6,,
04/02/2019 1:00,1707.69,26.9,,
04/02/2019 2:00,1706.55,24.9,,
04/02/2019 3:00,1725.27,26.2,,
04/02/2019 4:00,1684.48,26.8,,
04/02/2019 5:00,1800,26.7,,
04/02/2019 6:00,1725.27,27.4,,
04/02/2019 7:00,1701.1,28.4,,
04/02/2019 8:00,1852.75,27,,
04/02/2019 9:00,1753.84,27.9,,
04/02/2019 10:00,1719.8,26.2,,
04/02/2019 11:00,1708.76,25.9,,
04/02/2019 12:00,1791.28,26,,
04/02/2019 13:00,1734.21,25.6,,
04/02/2019 14:00,1756.16,25.8,,
04/02/2019 15:00,1782.5,26.8,,
04/02/2019 16:00,1835.19,27.6,,
04/02/2019 17:00,1740.79,26.1,,
04/02/2019 18:00,1760.55,26.6,,
04/02/2019 19:00,1740.79,25.8,,
04/02/2019 20:00,1713.29,25.8,,
04/02/2019 21:00,1739.75,26.8,,
04/02/2019 22:00,1748.57,25.7,,
04/02/2019 23:00,1717.7,26.6,,
05/02/2019 0:00,1786.89,26.3,,
05/02/2019 1:00,1538.84,27.4,,
05/02/2019 2:00,1538.52,24.2,,
05/02/2019 3:00,1584.42,25.4,,
05/02/2019 4:00,1575.67,25.6,,
05/02/2019 5:00,1623.75,25.6,,
05/02/2019 6:00,1592.54,27.5,,
05/02/2019 7:00,1615.69,27.6,,
05/02/2019 8:00,1583.2,26.9,,
05/02/2019 9:00,1596.89,24.9,,
05/02/2019 10:00,1590.36,26.2,,
05/02/2019 11:00,1630.85,26.8,,
05/02/2019 12:00,1614.3,26.7,,
05/02/2019 13:00,1601.24,27.4,,
05/02/2019 14:00,1592.54,28.4,,
05/02/2019 15:00,1628.68,27,,
05/02/2019 16:00,1609.19,27.9,,
05/02/2019 17:00,1590.36,26.2,,
05/02/2019 18:00,1592.54,25.9,,
05/02/2019 19:00,1669.83,26,,
05/02/2019 20:00,1602.69,25.6,,
05/02/2019 21:00,1596.19,25.8,,
05/02/2019 22:00,1639.51,26.8,,
05/02/2019 23:00,1652.51,27.6,,
06/02/2019 0:00,1665.5,26.1,,
06/02/2019 1:00,1650.34,26.6,,
06/02/2019 2:00,1691.49,25.8,,
06/02/2019 3:00,1633.01,25.8,,
06/02/2019 4:00,1728.31,26.8,,
06/02/2019 5:00,1613.52,25.7,,
06/02/2019 6:00,1609.19,26.6,,
06/02/2019 7:00,1611.36,26.3,,
06/02/2019 8:00,1596.19,27.4,,
06/02/2019 9:00,1606.22,24.2,,
06/02/2019 10:00,1614.84,25.4,,
06/02/2019 11:00,1612.69,25.6,,
06/02/2019 12:00,1642.87,25.6,,
06/02/2019 13:00,1652.57,27.5,,
06/02/2019 14:00,1678.33,27.6,,
06/02/2019 15:00,1678.33,26.9,,
06/02/2019 16:00,1639.7,24.9,,
06/02/2019 17:00,1632.09,26.2,,
06/02/2019 18:00,1646.14,26.8,,
06/02/2019 19:00,1635.4,26.7,,
06/02/2019 20:00,1659.98,27.4,,
06/02/2019 21:00,1649.3,28.4,,
06/02/2019 22:00,1637.55,27,,
06/02/2019 23:00,1669.74,27.9,,
07/02/2019 0:00,1661.16,26.2,,
07/02/2019 1:00,1620.38,25.9,,
07/02/2019 2:00,1659.01,26,,
07/02/2019 3:00,1645.03,25.6,,
07/02/2019 4:00,1649.3,25.8,,
07/02/2019 5:00,1659.98,26.8,,
07/02/2019 6:00,1749.71,27.6,,
07/02/2019 7:00,1698.44,26.1,,
07/02/2019 8:00,1711.26,26.6,,
07/02/2019 9:00,1702.71,25.8,,
07/02/2019 10:00,1649.3,25.8,,
07/02/2019 11:00,1670.66,26.8,,
07/02/2019 12:00,1662.12,25.7,,
07/02/2019 13:00,1771.08,26.6,,
07/02/2019 14:00,1849.69,26.3,,
07/02/2019 15:00,1753.98,27.4,,
07/02/2019 16:00,1670.66,24.2,,
07/02/2019 17:00,1645.99,25.4,,
07/02/2019 18:00,1699.15,25.6,,
07/02/2019 19:00,1705.53,25.6,,
07/02/2019 20:00,1673.63,27.5,,
07/02/2019 21:00,1694.9,27.6,,
07/02/2019 22:00,1686.39,26.9,,
07/02/2019 23:00,1791.98,24.9,,
08/02/2019 0:00,1898.9,26.2,,
08/02/2019 1:00,1722.55,26.8,,
08/02/2019 2:00,1793.83,26.7,,
08/02/2019 3:00,1777.01,27.4,,
08/02/2019 4:00,1735.83,28.4,,
08/02/2019 5:00,1731.54,27,,
08/02/2019 6:00,1720.96,27.9,,
08/02/2019 7:00,1697.03,26.2,,
08/02/2019 8:00,1689.21,25.9,,
08/02/2019 9:00,1758.7,26,,
08/02/2019 10:00,1711.91,25.6,,
08/02/2019 11:00,1802.42,25.8,,
08/02/2019 12:00,1845.39,26.8,,
08/02/2019 13:00,1875.38,27.6,,
08/02/2019 14:00,1704.02,26.1,,
08/02/2019 15:00,1680.74,26.6,,
08/02/2019 16:00,1699.79,25.8,,
08/02/2019 17:00,1787.78,25.8,,
08/02/2019 18:00,1693.35,26.8,,
08/02/2019 19:00,1779.2,25.7,,
08/02/2019 20:00,1753.98,26.6,,
08/02/2019 21:00,1759.88,26.3,,
08/02/2019 22:00,1685.62,27.4,,
08/02/2019 23:00,1700.57,24.2,,
09/02/2019 0:00,1711.26,25.4,,
09/02/2019 1:00,1700.57,25.6,,
09/02/2019 2:00,1709.12,25.6,,
09/02/2019 3:00,1739.03,27.5,,
09/02/2019 4:00,1730.48,27.6,,
09/02/2019 5:00,1713.39,26.9,,
09/02/2019 6:00,1830.35,24.9,,
09/02/2019 7:00,1705.53,26.2,,
09/02/2019 8:00,1869.02,26.8,,
09/02/2019 9:00,1836.8,26.7,,
09/02/2019 10:00,1847.54,27.4,,
09/02/2019 11:00,1703.41,28.4,,
09/02/2019 12:00,1785.24,27,,
09/02/2019 13:00,1866.82,27.9,,
09/02/2019 14:00,1732.62,26.2,,
09/02/2019 15:00,1709.79,25.9,,
09/02/2019 16:00,1836.8,26,,
09/02/2019 17:00,1866.87,25.6,,
09/02/2019 18:00,1711.91,25.8,,
09/02/2019 19:00,1898.9,26.8,,
09/02/2019 20:00,1808.87,27.6,,
09/02/2019 21:00,1881.79,26.1,,
09/02/2019 22:00,1778.79,26.6,,
09/02/2019 23:00,1718.64,25.8,,
10/02/2019 0:00,1720.42,25.8,,
10/02/2019 1:00,1785.56,26.8,,
10/02/2019 2:00,1772.35,25.7,,
10/02/2019 3:00,1755.63,26.6,,
10/02/2019 4:00,1794.12,26.3,,
10/02/2019 5:00,1716.17,27.4,,
10/02/2019 6:00,1793.83,24.2,,
10/02/2019 7:00,1747.58,25.4,,
10/02/2019 8:00,1815.05,25.6,,
10/02/2019 9:00,1747.58,25.6,,
10/02/2019 10:00,1817.46,27.5,,
10/02/2019 11:00,1775.35,27.6,,
10/02/2019 12:00,1709.12,26.9,,
10/02/2019 13:00,1757.31,24.9,,
10/02/2019 14:00,1828.2,26.2,,
10/02/2019 15:00,1935.25,26.8,,
10/02/2019 16:00,1858.27,26.7,,
10/02/2019 17:00,1766.32,27.4,,
10/02/2019 18:00,1720.42,28.4,,
10/02/2019 19:00,1830.35,27,,
10/02/2019 20:00,1701.28,27.9,,
10/02/2019 21:00,1707.66,26.2,,
10/02/2019 22:00,1711.26,25.9,,
10/02/2019 23:00,1692.03,26,,
11/02/2019 0:00,1670.66,25.6,,
11/02/2019 1:00,1812.89,25.8,,
11/02/2019 2:00,1834.65,26.8,,
11/02/2019 3:00,1749.71,27.6,,
11/02/2019 4:00,1819.36,26.1,,
11/02/2019 5:00,1745.44,26.6,,
11/02/2019 6:00,1768.05,25.8,,
11/02/2019 7:00,1754.62,25.8,,
11/02/2019 8:00,1730.48,26.8,,
11/02/2019 9:00,1764.67,25.7,,
11/02/2019 10:00,1802.42,26.6,,
11/02/2019 11:00,1802.42,26.3,,
11/02/2019 12:00,1802.42,27.4,,
11/02/2019 13:00,1802.42,24.2,,
11/02/2019 14:00,1559.67,25.4,,
11/02/2019 15:00,1624.11,25.6,,
11/02/2019 16:00,1576.85,25.6,,
11/02/2019 17:00,1828.2,27.5,,
11/02/2019 18:00,1778.36,27.6,,
11/02/2019 19:00,1886.27,26.9,,
11/02/2019 20:00,1899.1,24.9,,
11/02/2019 21:00,1727.23,26.2,,
11/02/2019 22:00,1759.46,26.8,,
11/02/2019 23:00,1832.5,26.7,,
12/02/2019 0:00,1735.83,27.4,,
12/02/2019 1:00,1740.12,28.4,,
12/02/2019 2:00,1830.35,27,,
12/02/2019 3:00,1785.56,27.9,,
12/02/2019 4:00,1804.57,26.2,,
12/02/2019 5:00,1738.52,25.9,,
12/02/2019 6:00,1783.09,26,,
12/02/2019 7:00,1765.9,25.6,,
12/02/2019 8:00,1916.28,25.8,,
12/02/2019 9:00,1714.34,26.8,,
12/02/2019 10:00,1886.21,27.6,,
12/02/2019 11:00,1752.46,26.1,,
12/02/2019 12:00,1914.32,26.6,,
12/02/2019 13:00,1756.77,25.8,,
12/02/2019 14:00,1740.12,25.8,,
12/02/2019 15:00,1722.94,26.8,,
12/02/2019 16:00,1742.27,25.7,,
12/02/2019 17:00,1842.89,26.6,,
12/02/2019 18:00,1750.3,26.3,,
12/02/2019 19:00,1815.05,27.4,,
12/02/2019 20:00,1741.67,24.2,,
12/02/2019 21:00,1858.21,25.4,,
12/02/2019 22:00,1821.2,25.6,,
12/02/2019 23:00,1832.31,25.6,,
13/02/2019 0:00,1802.1,27.5,,
13/02/2019 1:00,1735.19,27.6,,
13/02/2019 2:00,1754.62,26.9,,
13/02/2019 3:00,1737.35,24.9,,
13/02/2019 4:00,1763.25,26.2,,
13/02/2019 5:00,1739.51,26.8,,
13/02/2019 6:00,1747.49,26.7,,
13/02/2019 7:00,1740.98,27.4,,
13/02/2019 8:00,1905.76,28.4,,
13/02/2019 9:00,1730.88,27,,
13/02/2019 10:00,1819.04,27.9,,
13/02/2019 11:00,1810.36,26.2,,
13/02/2019 12:00,1899.22,25.9,,
13/02/2019 13:00,1803.38,26,,
13/02/2019 14:00,1720.62,25.6,,
13/02/2019 15:00,1722.8,25.8,,
13/02/2019 16:00,1809.39,26.8,,
13/02/2019 17:00,1850.96,27.6,,
13/02/2019 18:00,1778.76,26.1,,
13/02/2019 19:00,1815.38,26.6,,
13/02/2019 20:00,1802.2,25.8,,
13/02/2019 21:00,1729.67,25.8,,
13/02/2019 22:00,1819.14,26.8,,
13/02/2019 23:00,1764.83,25.7,,
14/02/2019 0:00,1881.59,26.6,,
14/02/2019 1:00,1694.5,26.3,,
14/02/2019 2:00,1736.26,27.4,,
14/02/2019 3:00,1714.28,24.2,,
14/02/2019 4:00,1668.13,25.4,,
14/02/2019 5:00,1794.08,25.6,,
14/02/2019 6:00,1670.33,25.6,,
14/02/2019 7:00,1710.97,27.5,,
14/02/2019 8:00,1703.3,27.6,,
14/02/2019 9:00,1674.72,26.9,,
14/02/2019 10:00,1678.39,24.9,,
14/02/2019 11:00,1735.21,26.2,,
14/02/2019 12:00,1713.35,26.8,,
14/02/2019 13:00,1719.91,26.7,,
14/02/2019 14:00,1665.27,27.4,,
14/02/2019 15:00,1754.88,28.4,,
14/02/2019 16:00,1770.17,27,,
14/02/2019 17:00,1761.43,27.9,,
14/02/2019 18:00,1772.36,26.2,,
14/02/2019 19:00,1691.5,25.9,,
14/02/2019 20:00,1802.96,26,,
14/02/2019 21:00,1691.5,25.6,,
14/02/2019 22:00,1670.86,25.8,,
14/02/2019 23:00,1756.04,26.8,,
15/02/2019 0:00,1706.8,27.6,,
15/02/2019 1:00,1853.22,26.1,,
15/02/2019 2:00,1921.05,26.6,,
15/02/2019 3:00,1797.07,25.8,,
15/02/2019 4:00,1718.72,25.8,,
15/02/2019 5:00,1805.75,26.8,,
15/02/2019 6:00,1838.38,25.7,,
15/02/2019 7:00,1817.58,26.6,,
15/02/2019 8:00,1781.82,26.3,,
15/02/2019 9:00,1714.37,27.4,,
15/02/2019 10:00,1837.84,24.2,,
15/02/2019 11:00,1804.11,25.4,,
15/02/2019 12:00,1799.22,25.6,,
15/02/2019 13:00,1801.95,25.6,,
15/02/2019 14:00,1788.34,27.5,,
15/02/2019 15:00,1710.98,27.6,,
15/02/2019 16:00,1805.75,26.9,,
15/02/2019 17:00,1786.17,24.9,,
15/02/2019 18:00,1779.64,26.2,,
15/02/2019 19:00,1792.69,26.8,,
15/02/2019 20:00,1819.27,26.7,,
15/02/2019 21:00,1713.15,27.4,,
15/02/2019 22:00,1786.79,28.4,,
15/02/2019 23:00,1771.62,27,,
16/02/2019 0:00,1748.52,27.9,,
16/02/2019 1:00,1735.58,26.2,,
16/02/2019 2:00,1759.88,25.9,,
16/02/2019 3:00,1752.83,26,,
16/02/2019 4:00,1750.32,25.6,,
16/02/2019 5:00,1751.11,25.8,,
16/02/2019 6:00,1750.67,26.8,,
16/02/2019 7:00,1815.35,27.6,,
16/02/2019 8:00,1792.49,26.1,,
16/02/2019 9:00,1744.2,26.6,,
16/02/2019 10:00,1752.83,25.8,,
16/02/2019 11:00,1772.23,25.8,,
16/02/2019 12:00,1754.98,26.8,,
16/02/2019 13:00,1695.5,25.7,,
16/02/2019 14:00,1783.49,26.6,,
16/02/2019 15:00,1736.28,26.3,,
16/02/2019 16:00,1717.67,27.4,,
16/02/2019 17:00,1751.85,24.2,,
16/02/2019 18:00,1741.67,25.4,,
16/02/2019 19:00,1761.45,25.6,,
16/02/2019 20:00,1762,25.6,,
16/02/2019 21:00,1843.38,27.5,,
16/02/2019 22:00,1714.02,27.6,,
16/02/2019 23:00,1813.2,26.9,,
17/02/2019 0:00,1744.2,24.9,,
17/02/2019 1:00,1754.98,26.2,,
17/02/2019 2:00,1744.2,26.8,,
17/02/2019 3:00,1805.56,26.7,,
17/02/2019 4:00,1726.96,27.4,,
17/02/2019 5:00,1767.92,28.4,,
17/02/2019 6:00,1804.57,27,,
17/02/2019 7:00,1818.14,27.9,,
17/02/2019 8:00,1750.32,26.2,,
17/02/2019 9:00,1769.46,25.9,,
17/02/2019 10:00,1791.12,26,,
17/02/2019 11:00,1814.94,25.6,,
17/02/2019 12:00,1728.31,25.8,,
17/02/2019 13:00,1816.45,26.8,,
17/02/2019 14:00,1754.7,27.6,,
17/02/2019 15:00,1804.11,26.1,,
17/02/2019 16:00,1847.43,26.6,,
17/02/2019 17:00,1816.63,25.8,,
17/02/2019 18:00,1753.53,25.8,,
17/02/2019 19:00,1758.63,26.8,,
17/02/2019 20:00,1737.19,25.7,,
17/02/2019 21:00,1729.33,26.6,,
17/02/2019 22:00,1808.44,26.3,,
17/02/2019 23:00,1797.61,27.4,,
18/02/2019 0:00,1815.96,24.2,,
18/02/2019 1:00,1800.26,25.4,,
18/02/2019 2:00,1790.32,25.6,,
18/02/2019 3:00,1765.76,25.6,,
18/02/2019 4:00,1751.11,27.5,,
18/02/2019 5:00,1814.27,27.6,,
18/02/2019 6:00,1755.47,26.9,,
18/02/2019 7:00,1772.89,24.9,,
18/02/2019 8:00,1763.45,26.2,,
18/02/2019 9:00,1768.54,26.8,,
18/02/2019 10:00,1698.84,26.7,,
18/02/2019 11:00,1696.66,27.4,,
18/02/2019 12:00,1748.93,28.4,,
18/02/2019 13:00,1768.54,27,,
18/02/2019 14:00,1696.66,27.9,,
18/02/2019 15:00,1714.09,26.2,,
18/02/2019 16:00,1697.81,25.9,,
18/02/2019 17:00,1752.51,26,,
18/02/2019 18:00,1761.26,25.6,,
18/02/2019 19:00,1695.62,25.8,,
18/02/2019 20:00,1692.31,26.8,,
18/02/2019 21:00,1729.33,27.6,,
18/02/2019 22:00,1692.31,26.1,,
18/02/2019 23:00,1698.84,26.6,,
19/02/2019 0:00,1805.02,25.8,,
19/02/2019 1:00,1783.14,25.8,,
19/02/2019 2:00,1708.75,26.8,,
19/02/2019 3:00,1704.37,25.7,,
19/02/2019 4:00,1717.5,26.6,,
19/02/2019 5:00,1726.25,26.3,,
19/02/2019 6:00,1700,27.4,,
19/02/2019 7:00,1715.31,24.2,,
19/02/2019 8:00,1774.39,25.4,,
19/02/2019 9:00,1741.3,25.6,,
19/02/2019 10:00,1719.65,25.6,,
19/02/2019 11:00,1838.38,27.5,,
19/02/2019 12:00,1762.24,27.6,,
19/02/2019 13:00,1786.17,26.9,,
19/02/2019 14:00,1781.82,24.9,,
19/02/2019 15:00,1834.03,26.2,,
19/02/2019 16:00,1733.95,26.8,,
19/02/2019 17:00,1783.99,26.7,,
19/02/2019 18:00,1785.17,27.4,,
19/02/2019 19:00,1797.87,28.4,,
19/02/2019 20:00,1764.94,27,,
19/02/2019 21:00,1780.31,27.9,,
19/02/2019 22:00,1744.16,26.2,,
19/02/2019 23:00,1712.26,25.9,,
20/02/2019 0:00,1692.5,26,,
20/02/2019 1:00,1723.23,25.6,,
20/02/2019 2:00,1703.48,25.8,,
20/02/2019 3:00,1718.84,26.8,,
20/02/2019 4:00,1716.65,27.6,,
20/02/2019 5:00,1704.61,26.1,,
20/02/2019 6:00,1719.91,26.6,,
20/02/2019 7:00,1701.28,25.8,,
20/02/2019 8:00,1730.84,25.8,,
20/02/2019 9:00,1736.26,26.8,,
20/02/2019 10:00,1719.8,25.7,,
20/02/2019 11:00,1697.72,26.6,,
20/02/2019 12:00,1723.08,26.3,,
20/02/2019 13:00,1708.76,27.4,,
20/02/2019 14:00,1733.04,24.2,,
20/02/2019 15:00,1741.88,25.4,,
20/02/2019 16:00,1735.25,25.6,,
20/02/2019 17:00,1763.95,25.6,,
20/02/2019 18:00,1722.01,27.5,,
20/02/2019 19:00,1739.67,27.6,,
20/02/2019 20:00,1717.59,26.9,,
20/02/2019 21:00,1728.63,24.9,,
20/02/2019 22:00,1699.93,26.2,,
20/02/2019 23:00,1717.59,26.8,,
21/02/2019 0:00,1717.5,26.7,,
21/02/2019 1:00,1735,27.4,,
21/02/2019 2:00,1732.82,28.4,,
21/02/2019 3:00,1765.64,27,,
21/02/2019 4:00,1752.51,27.9,,
21/02/2019 5:00,1776.57,26.2,,
21/02/2019 6:00,1875.03,25.9,,
21/02/2019 7:00,1796.27,26,,
21/02/2019 8:00,1728.44,25.6,,
21/02/2019 9:00,1701.02,25.8,,
21/02/2019 10:00,1800.64,26.8,,
21/02/2019 11:00,1722.8,27.6,,
21/02/2019 12:00,1840.02,26.1,,
21/02/2019 13:00,1765.64,26.6,,
21/02/2019 14:00,1727.47,25.8,,
21/02/2019 15:00,1731.87,25.8,,
21/02/2019 16:00,1694.5,26.8,,
21/02/2019 17:00,1674.72,25.7,,
21/02/2019 18:00,1751.65,26.6,,
21/02/2019 19:00,1678.12,26.3,,
21/02/2019 20:00,1729.67,27.4,,
21/02/2019 21:00,1676.92,24.2,,
21/02/2019 22:00,1734.06,25.4,,
21/02/2019 23:00,1753.84,25.6,,
22/02/2019 0:00,1760.44,25.6,,
22/02/2019 1:00,1694.79,27.5,,
22/02/2019 2:00,1629.52,27.6,,
22/02/2019 3:00,1690.44,26.9,,
22/02/2019 4:00,1716.55,24.9,,
22/02/2019 5:00,1688.27,26.2,,
22/02/2019 6:00,1770.94,26.8,,
22/02/2019 7:00,1718.72,26.7,,
22/02/2019 8:00,1705.67,27.4,,
22/02/2019 9:00,1707.85,28.4,,
22/02/2019 10:00,1692.62,27,,
22/02/2019 11:00,1750.82,27.9,,
22/02/2019 12:00,1755.27,26.2,,
22/02/2019 13:00,1626.08,25.9,,
22/02/2019 14:00,1634.75,26,,
22/02/2019 15:00,1622.97,25.6,,
22/02/2019 16:00,1634.75,25.8,,
22/02/2019 17:00,1640.23,26.8,,
22/02/2019 18:00,1628.24,27.6,,
22/02/2019 19:00,1704.13,26.1,,
22/02/2019 20:00,1701.96,26.6,,
22/02/2019 21:00,1640.23,25.8,,
22/02/2019 22:00,1657.5,25.8,,
22/02/2019 23:00,1651.02,26.8,,
23/02/2019 0:00,1681.24,25.7,,
23/02/2019 1:00,1661.81,26.6,,
23/02/2019 2:00,1679.08,26.3,,
23/02/2019 3:00,1638.07,27.4,,
23/02/2019 4:00,1662.93,24.2,,
23/02/2019 5:00,1758.93,25.4,,
23/02/2019 6:00,1651.02,25.6,,
23/02/2019 7:00,1663.97,25.6,,
23/02/2019 8:00,1662.93,27.5,,
23/02/2019 9:00,1672.61,27.6,,
23/02/2019 10:00,1642.39,26.9,,
23/02/2019 11:00,1649.92,24.9,,
23/02/2019 12:00,1653.18,26.2,,
23/02/2019 13:00,1643.42,26.8,,
23/02/2019 14:00,1638.07,26.7,,
23/02/2019 15:00,1655.34,27.4,,
23/02/2019 16:00,1640.23,28.4,,
23/02/2019 17:00,1620.38,27,,
23/02/2019 18:00,1618.23,27.9,,
23/02/2019 19:00,1623.66,26.2,,
23/02/2019 20:00,1643.99,25.9,,
23/02/2019 21:00,1637.55,26,,
23/02/2019 22:00,1611.8,25.6,,
23/02/2019 23:00,1653.57,25.8,,
24/02/2019 0:00,1657.85,26.8,,
24/02/2019 1:00,1702.71,27.6,,
24/02/2019 2:00,1643.84,26.1,,
24/02/2019 3:00,1603.42,26.6,,
24/02/2019 4:00,1633.88,25.8,,
24/02/2019 5:00,1633.01,25.8,,
24/02/2019 6:00,1627.78,26.8,,
24/02/2019 7:00,1657.96,25.7,,
24/02/2019 8:00,1610.53,26.6,,
24/02/2019 9:00,1641.68,26.3,,
24/02/2019 10:00,1726.14,27.4,,
24/02/2019 11:00,1611.36,24.2,,
24/02/2019 12:00,1617.85,25.4,,
24/02/2019 13:00,1609.19,25.6,,
24/02/2019 14:00,1689.32,25.6,,
24/02/2019 15:00,1690.3,27.5,,
24/02/2019 16:00,1698.93,27.6,,
24/02/2019 17:00,1664.43,26.9,,
24/02/2019 18:00,1615.69,24.9,,
24/02/2019 19:00,1638.56,26.2,,
24/02/2019 20:00,1623.47,26.8,,
24/02/2019 21:00,1638.56,26.7,,
24/02/2019 22:00,1627.78,27.4,,
24/02/2019 23:00,1647.76,28.4,,
25/02/2019 0:00,1654.26,27,,
25/02/2019 1:00,1634.75,27.9,,
25/02/2019 2:00,1641.25,26.2,,
25/02/2019 3:00,1660.76,25.9,,
25/02/2019 4:00,1647.76,26,,
25/02/2019 5:00,1652.09,25.6,,
25/02/2019 6:00,1671.61,25.8,,
25/02/2019 7:00,1771.88,26.8,,
25/02/2019 8:00,1692.03,27.6,,
25/02/2019 9:00,1668.29,26.1,,
25/02/2019 10:00,1740.98,26.6,,
25/02/2019 11:00,1669.44,25.8,,
25/02/2019 12:00,1673.77,25.8,,
25/02/2019 13:00,1707.14,26.8,,
25/02/2019 14:00,1661.81,25.7,,
25/02/2019 15:00,1662.93,26.6,,
25/02/2019 16:00,1685.55,26.3,,
25/02/2019 17:00,1692.03,27.4,,
25/02/2019 18:00,1674.76,24.2,,
25/02/2019 19:00,1679.97,25.4,,
25/02/2019 20:00,1728.72,25.6,,
25/02/2019 21:00,1696.35,25.6,,
25/02/2019 22:00,1673.77,27.5,,
25/02/2019 23:00,1696.35,27.6,,
26/02/2019 0:00,1758.93,26.9,,
26/02/2019 1:00,1683.4,24.9,,
26/02/2019 2:00,1692.03,26.2,,
26/02/2019 3:00,1688.56,26.8,,
26/02/2019 4:00,1692.03,26.7,,
26/02/2019 5:00,1694.17,27.4,,
26/02/2019 6:00,1692.03,28.4,,
26/02/2019 7:00,1695.5,27,,
26/02/2019 8:00,1632.21,27.9,,
26/02/2019 9:00,1674.94,26.2,,
26/02/2019 10:00,1630.85,25.9,,
26/02/2019 11:00,1637.34,26,,
26/02/2019 12:00,1760.8,25.6,,
26/02/2019 13:00,1649.34,25.8,,
26/02/2019 14:00,1655.81,26.8,,
26/02/2019 15:00,1626.52,27.6,,
26/02/2019 16:00,1649.34,26.1,,
26/02/2019 17:00,1649.34,26.6,,
26/02/2019 18:00,1709.71,25.8,,
26/02/2019 19:00,1660.12,25.8,,
26/02/2019 20:00,1683.84,26.8,,
26/02/2019 21:00,1726.96,25.7,,
26/02/2019 22:00,1716.18,26.6,,
26/02/2019 23:00,1716.18,26.3,,
27/02/2019 0:00,1703.24,27.4,,
27/02/2019 1:00,1649.34,24.2,,
27/02/2019 2:00,1636.4,25.4,,
27/02/2019 3:00,1651.5,25.6,,
27/02/2019 4:00,1739.89,25.6,,
27/02/2019 5:00,1688.15,27.5,,
27/02/2019 6:00,1703.24,27.6,,
27/02/2019 7:00,1737.74,26.9,,
27/02/2019 8:00,1666.59,24.9,,
27/02/2019 9:00,1724.8,26.2,,
27/02/2019 10:00,1703.2,26.8,,
27/02/2019 11:00,1751.82,26.7,,
27/02/2019 12:00,1678.11,27.4,,
27/02/2019 13:00,1678.11,28.4,,
27/02/2019 14:00,1669.37,27,,
27/02/2019 15:00,1658.43,27.9,,
27/02/2019 16:00,1670.53,26.2,,
27/02/2019 17:00,1675.94,25.9,,
27/02/2019 18:00,1738.82,26,,
27/02/2019 19:00,1756.77,25.6,,
27/02/2019 20:00,1688.95,25.8,,
27/02/2019 21:00,1708.46,26.8,,
27/02/2019 22:00,1680.28,27.6,,
27/02/2019 23:00,1722.24,26.1,,
28/02/2019 0:00,1736.65,26.6,,
28/02/2019 1:00,1701.96,25.8,,
28/02/2019 2:00,1730.14,25.8,,
28/02/2019 3:00,1736.65,26.8,,
28/02/2019 4:00,1695.45,25.7,,
28/02/2019 5:00,1713.61,26.6,,
28/02/2019 6:00,1675.21,26.3,,
28/02/2019 7:00,1685.99,27.4,,
28/02/2019 8:00,1677.37,24.2,,
28/02/2019 9:00,1681.68,25.4,,
28/02/2019 10:00,1683.84,25.6,,
28/02/2019 11:00,1683.84,25.6,,
28/02/2019 12:00,1682.83,27.5,,
28/02/2019 13:00,1679.52,27.6,,
28/02/2019 14:00,1679.52,26.9,,
28/02/2019 15:00,1711.86,24.9,,
28/02/2019 16:00,1722.64,26.2,,
28/02/2019 17:00,1736.28,26.8,,
28/02/2019 18:00,1785.64,26.7,,
28/02/2019 19:00,1701.94,27.4,,
28/02/2019 20:00,1749.15,28.4,,
28/02/2019 21:00,1698.93,27,,
28/02/2019 22:00,1692.46,27.9,,
28/02/2019 23:00,1684.99,26.2,,
01/03/2019 0:00,1744.2,25.9,,
01/03/2019 1:00,1731.27,26,,
01/03/2019 2:00,1679.52,25.6,,
01/03/2019 3:00,1711.86,25.8,,
01/03/2019 4:00,1685.99,26.8,,
01/03/2019 5:00,1693.66,27.6,,
01/03/2019 6:00,1685.99,26.1,,
01/03/2019 7:00,1744.2,26.6,,
01/03/2019 8:00,1709.71,25.8,,
01/03/2019 9:00,1774.39,25.8,,
01/03/2019 10:00,1710.52,26.8,,
01/03/2019 11:00,1724.8,25.7,,
01/03/2019 12:00,1723.4,26.6,,
01/03/2019 13:00,1779.2,26.3,,
01/03/2019 14:00,1698.93,27.4,,
01/03/2019 15:00,1785.17,24.2,,
01/03/2019 16:00,1733.42,25.4,,
01/03/2019 17:00,1763.61,25.6,,
01/03/2019 18:00,1825.54,25.6,,
01/03/2019 19:00,1719.11,27.5,,
01/03/2019 20:00,1712.67,27.6,,
01/03/2019 21:00,1734.13,26.9,,
01/03/2019 22:00,1750.67,24.9,,
01/03/2019 23:00,1723.4,26.2,,
02/03/2019 0:00,1757.74,26.8,,
02/03/2019 1:00,1714.02,26.7,,
02/03/2019 2:00,1731.27,27.4,,
02/03/2019 3:00,1765.13,28.4,,
02/03/2019 4:00,1736.97,27,,
02/03/2019 5:00,1810.61,27.9,,
02/03/2019 6:00,1765.13,26.2,,
02/03/2019 7:00,1804.57,25.9,,
02/03/2019 8:00,1819.66,26,,
02/03/2019 9:00,1754.3,25.6,,
02/03/2019 10:00,1734.81,25.8,,
02/03/2019 11:00,1723.98,26.8,,
02/03/2019 12:00,1694.62,27.6,,
02/03/2019 13:00,1888.33,26.1,,
02/03/2019 14:00,1761.45,26.6,,
02/03/2019 15:00,1710.98,25.8,,
02/03/2019 16:00,1791.64,25.8,,
02/03/2019 17:00,1731.27,26.8,,
02/03/2019 18:00,1719.65,25.7,,
02/03/2019 19:00,1701.32,26.6,,
02/03/2019 20:00,1749.18,26.3,,
02/03/2019 21:00,1736.13,27.4,,
02/03/2019 22:00,1702.32,24.2,,
02/03/2019 23:00,1720.9,25.4,,
03/03/2019 0:00,1710.02,25.6,,
03/03/2019 1:00,1740.48,25.6,,
03/03/2019 2:00,1694.79,27.5,,
03/03/2019 3:00,1705.67,27.6,,
03/03/2019 4:00,1706.8,26.9,,
03/03/2019 5:00,1704.61,24.9,,
03/03/2019 6:00,1695.87,26.2,,
03/03/2019 7:00,1713.35,26.8,,
03/03/2019 8:00,1734.21,26.7,,
03/03/2019 9:00,1750.51,27.4,,
03/03/2019 10:00,1713.35,28.4,,
03/03/2019 11:00,1687.13,27,,
03/03/2019 12:00,1726.47,27.9,,
03/03/2019 13:00,1720.9,26.2,,
03/03/2019 14:00,1694.79,25.9,,
03/03/2019 15:00,1823.15,26,,
03/03/2019 16:00,1823.15,25.6,,
03/03/2019 17:00,1722.1,25.8,,
03/03/2019 18:00,1717.72,26.8,,
03/03/2019 19:00,1738.3,27.6,,
03/03/2019 20:00,1714.37,26.1,,
03/03/2019 21:00,1731.78,26.6,,
03/03/2019 22:00,1718.72,25.8,,
03/03/2019 23:00,1712.2,25.8,,
04/03/2019 0:00,1752.13,26.8,,
04/03/2019 1:00,1843.1,25.7,,
04/03/2019 2:00,1757.88,26.6,,
04/03/2019 3:00,1714.37,26.3,,
04/03/2019 4:00,1744.83,27.4,,
04/03/2019 5:00,1751.36,24.2,,
04/03/2019 6:00,1775.29,25.4,,
04/03/2019 7:00,1716.55,25.6,,
04/03/2019 8:00,1690.44,25.6,,
04/03/2019 9:00,1797.05,27.5,,
04/03/2019 10:00,1710.98,27.6,,
04/03/2019 11:00,1717.48,26.9,,
04/03/2019 12:00,1693.66,24.9,,
04/03/2019 13:00,1752.13,26.2,,
04/03/2019 14:00,1814.94,26.8,,
04/03/2019 15:00,1840.93,26.7,,
04/03/2019 16:00,1819.27,27.4,,
04/03/2019 17:00,1806.28,28.4,,
04/03/2019 18:00,1799.78,27,,
04/03/2019 19:00,1806.28,27.9,,
04/03/2019 20:00,1813.2,26.2,,
04/03/2019 21:00,1849.59,25.9,,
04/03/2019 22:00,1820.81,26,,
04/03/2019 23:00,1730.47,25.6,,
05/03/2019 0:00,1706.65,25.8,,
05/03/2019 1:00,1728.31,26.8,,
05/03/2019 2:00,1732.64,27.6,,
05/03/2019 3:00,1786.79,26.1,,
05/03/2019 4:00,1733.42,26.6,,
05/03/2019 5:00,1759.3,25.8,,
05/03/2019 6:00,1759.3,25.8,,
05/03/2019 7:00,1749.97,26.8,,
05/03/2019 8:00,1757.14,25.7,,
05/03/2019 9:00,1786.51,26.6,,
05/03/2019 10:00,1800.26,26.3,,
05/03/2019 11:00,1800.66,27.4,,
05/03/2019 12:00,1767.92,24.2,,
05/03/2019 13:00,1803.38,25.4,,
05/03/2019 14:00,1759.88,25.6,,
05/03/2019 15:00,1842.89,25.6,,
05/03/2019 16:00,1890.58,27.5,,
05/03/2019 17:00,1795.95,27.6,,
05/03/2019 18:00,1779.2,26.9,,
05/03/2019 19:00,1808.2,24.9,,
05/03/2019 20:00,1789.93,26.2,,
05/03/2019 21:00,1755.59,26.8,,
05/03/2019 22:00,1792.08,26.7,,
05/03/2019 23:00,1778.36,27.4,,
06/03/2019 0:00,1787.78,28.4,,
06/03/2019 1:00,1758.26,27,,
06/03/2019 2:00,1781.35,27.9,,
06/03/2019 3:00,1806.41,26.2,,
06/03/2019 4:00,1804.26,25.9,,
06/03/2019 5:00,1866.84,26,,
06/03/2019 6:00,1795.98,25.6,,
06/03/2019 7:00,1791.68,25.8,,
06/03/2019 8:00,1731.27,26.8,,
06/03/2019 9:00,1776.54,27.6,,
06/03/2019 10:00,1750.67,26.1,,
06/03/2019 11:00,1793.79,26.6,,
06/03/2019 12:00,1780.29,25.8,,
06/03/2019 13:00,1745.63,25.8,,
06/03/2019 14:00,1775.96,26.8,,
06/03/2019 15:00,1890.5,25.7,,
06/03/2019 16:00,1846.94,26.6,,
06/03/2019 17:00,1787.32,26.3,,
06/03/2019 18:00,1767.29,27.4,,
06/03/2019 19:00,1804.57,24.2,,
06/03/2019 20:00,1793.79,25.4,,
06/03/2019 21:00,1797.61,25.6,,
06/03/2019 22:00,1776.54,25.6,,
06/03/2019 23:00,1769.46,27.5,,
07/03/2019 0:00,1750.67,27.6,,
07/03/2019 1:00,1772.23,26.9,,
07/03/2019 2:00,1782.45,24.9,,
07/03/2019 3:00,1873.08,26.2,,
07/03/2019 4:00,1774.39,26.8,,
07/03/2019 5:00,1793.28,26.7,,
07/03/2019 6:00,1745.63,27.4,,
07/03/2019 7:00,1772.23,28.4,,
07/03/2019 8:00,1770.08,27,,
07/03/2019 9:00,1759.3,27.9,,
07/03/2019 10:00,1838.76,26.2,,
07/03/2019 11:00,1786.79,25.9,,
07/03/2019 12:00,1767.29,26,,
07/03/2019 13:00,1773.79,25.6,,
07/03/2019 14:00,1749.18,25.8,,
07/03/2019 15:00,1749.18,26.8,,
07/03/2019 16:00,1755.71,27.6,,
07/03/2019 17:00,1760.06,26.1,,
07/03/2019 18:00,1788.34,26.6,,
07/03/2019 19:00,1801.95,25.8,,
07/03/2019 20:00,1753.53,25.8,,
07/03/2019 21:00,1747.01,26.8,,
07/03/2019 22:00,1730.84,25.7,,
07/03/2019 23:00,1733.95,26.6,,
08/03/2019 0:00,1741.76,26.3,,
08/03/2019 1:00,1729.6,27.4,,
08/03/2019 2:00,1717.72,24.2,,
08/03/2019 3:00,1737.39,25.4,,
08/03/2019 4:00,1724.28,25.6,,
08/03/2019 5:00,1752.69,25.6,,
08/03/2019 6:00,1693.69,27.5,,
08/03/2019 7:00,1708.98,27.6,,
08/03/2019 8:00,1699.08,26.9,,
08/03/2019 9:00,1724.28,24.9,,
08/03/2019 10:00,1734.21,26.2,,
08/03/2019 11:00,1754.88,26.8,,
08/03/2019 12:00,1730.84,26.7,,
08/03/2019 13:00,1725.43,27.4,,
08/03/2019 14:00,1716.65,28.4,,
08/03/2019 15:00,1745.18,27,,
08/03/2019 16:00,1722.1,27.9,,
08/03/2019 17:00,1704.61,26.2,,
08/03/2019 18:00,1724.21,25.9,,
08/03/2019 19:00,1728.63,26,,
08/03/2019 20:00,1736.38,25.6,,
08/03/2019 21:00,1730.84,25.8,,
08/03/2019 22:00,1722.01,26.8,,
08/03/2019 23:00,1794.04,27.6,,
09/03/2019 0:00,1749.69,26.1,,
09/03/2019 1:00,1743.03,26.6,,
09/03/2019 2:00,1705.33,25.8,,
09/03/2019 3:00,1703.12,25.8,,
09/03/2019 4:00,1723.08,26.8,,
09/03/2019 5:00,1697.81,25.7,,
09/03/2019 6:00,1671.56,26.6,,
09/03/2019 7:00,1695.62,26.3,,
09/03/2019 8:00,1726.25,27.4,,
09/03/2019 9:00,1641.76,24.2,,
09/03/2019 10:00,1693.43,25.4,,
09/03/2019 11:00,1714.28,25.6,,
09/03/2019 12:00,1604.39,25.6,,
09/03/2019 13:00,1621.98,27.5,,
09/03/2019 14:00,1679.12,27.6,,
09/03/2019 15:00,1617.58,26.9,,
09/03/2019 16:00,1641.76,24.9,,
09/03/2019 17:00,1617.58,26.2,,
09/03/2019 18:00,1665.93,26.8,,
09/03/2019 19:00,1659.34,26.7,,
09/03/2019 20:00,1573.62,27.4,,
09/03/2019 21:00,1558.24,28.4,,
09/03/2019 22:00,1575.82,27,,
09/03/2019 23:00,1535.97,27.9,,
10/03/2019 0:00,1581.66,26.2,,
10/03/2019 1:00,1576.3,25.9,,
10/03/2019 2:00,1580.04,26,,
10/03/2019 3:00,1541.03,25.6,,
10/03/2019 4:00,1569.12,25.8,,
10/03/2019 5:00,1604.08,26.8,,
10/03/2019 6:00,1582.74,27.6,,
10/03/2019 7:00,1552.01,26.1,,
10/03/2019 8:00,1556.4,26.6,,
10/03/2019 9:00,1565.18,25.8,,
10/03/2019 10:00,1543.23,25.8,,
10/03/2019 11:00,1534.15,26.8,,
10/03/2019 12:00,1547.62,25.7,,
10/03/2019 13:00,1567.37,26.6,,
10/03/2019 14:00,1525.86,26.3,,
10/03/2019 15:00,1556.4,27.4,,
10/03/2019 16:00,1503.81,24.2,,
10/03/2019 17:00,1547.91,25.4,,
10/03/2019 18:00,1517.04,25.6,,
10/03/2019 19:00,1486.17,25.6,,
10/03/2019 20:00,1525.86,27.5,,
10/03/2019 21:00,1539.09,27.6,,
10/03/2019 22:00,1530.27,26.9,,
10/03/2019 23:00,1541.3,24.9,,
11/03/2019 0:00,1534.68,26.2,,
11/03/2019 1:00,1517.04,26.8,,
11/03/2019 2:00,1497.2,26.7,,
11/03/2019 3:00,1525.86,27.4,,
11/03/2019 4:00,1523.66,28.4,,
11/03/2019 5:00,1521.45,27,,
11/03/2019 6:00,1537.07,27.9,,
11/03/2019 7:00,1499.4,26.2,,
11/03/2019 8:00,1510.43,25.9,,
11/03/2019 9:00,1521.45,26,,
11/03/2019 10:00,1530.27,25.6,,
11/03/2019 11:00,1519.25,25.8,,
11/03/2019 12:00,1514.84,26.8,,
11/03/2019 13:00,1503.81,27.6,,
11/03/2019 14:00,1528.07,26.1,,
11/03/2019 15:00,1517.04,26.6,,
11/03/2019 16:00,1523.66,25.8,,
11/03/2019 17:00,1532.64,25.8,,
11/03/2019 18:00,1523.78,26.8,,
11/03/2019 19:00,1519.25,25.7,,
11/03/2019 20:00,1508.22,26.6,,
11/03/2019 21:00,1508.22,26.3,,
11/03/2019 22:00,1521.45,27.4,,
11/03/2019 23:00,1534.68,24.2,,
12/03/2019 0:00,1626.64,25.4,,
12/03/2019 1:00,1558.24,25.6,,
12/03/2019 2:00,1650.55,25.6,,
12/03/2019 3:00,1632.17,27.5,,
12/03/2019 4:00,1564.83,27.6,,
12/03/2019 5:00,1571.43,26.9,,
12/03/2019 6:00,1647.49,24.9,,
12/03/2019 7:00,1581.85,26.2,,
12/03/2019 8:00,1588.42,26.8,,
12/03/2019 9:00,1584.04,26.7,,
12/03/2019 10:00,1634.36,27.4,,
12/03/2019 11:00,1627.8,28.4,,
12/03/2019 12:00,1640.93,27,,
12/03/2019 13:00,1559.97,27.9,,
12/03/2019 14:00,1623.42,26.2,,
12/03/2019 15:00,1575.29,25.9,,
12/03/2019 16:00,1573.1,26,,
12/03/2019 17:00,1603.73,25.6,,
12/03/2019 18:00,1566.54,25.8,,
12/03/2019 19:00,1590.6,26.8,,
12/03/2019 20:00,1625.61,27.6,,
12/03/2019 21:00,1587.76,26.1,,
12/03/2019 22:00,1594.3,26.6,,
12/03/2019 23:00,1619.05,25.8,,
13/03/2019 0:00,1596.47,25.8,,
13/03/2019 1:00,1594.3,26.8,,
13/03/2019 2:00,1612.48,25.7,,
13/03/2019 3:00,1581.23,26.6,,
13/03/2019 4:00,1656.84,26.3,,
13/03/2019 5:00,1653.65,27.4,,
13/03/2019 6:00,1701.08,24.2,,
13/03/2019 7:00,1709.71,25.4,,
13/03/2019 8:00,1655.81,25.6,,
13/03/2019 9:00,1739.89,25.6,,
13/03/2019 10:00,1690.3,27.5,,
13/03/2019 11:00,1688.15,27.6,,
13/03/2019 12:00,1668.74,26.9,,
13/03/2019 13:00,1670.9,24.9,,
13/03/2019 14:00,1722.64,26.2,,
13/03/2019 15:00,1672,26.8,,
13/03/2019 16:00,1681.68,26.7,,
13/03/2019 17:00,1655.81,27.4,,
13/03/2019 18:00,1670.9,28.4,,
13/03/2019 19:00,1662.28,27,,
13/03/2019 20:00,1655.81,27.9,,
13/03/2019 21:00,1666.59,26.2,,
13/03/2019 22:00,1678.33,25.9,,
13/03/2019 23:00,1683.84,26,,
14/03/2019 0:00,1656.87,25.6,,
14/03/2019 1:00,1668.74,25.8,,
14/03/2019 2:00,1685.99,26.8,,
14/03/2019 3:00,1663.31,27.6,,
14/03/2019 4:00,1697.64,26.1,,
14/03/2019 5:00,1686.91,26.6,,
14/03/2019 6:00,1691.21,25.8,,
14/03/2019 7:00,1740.57,25.8,,
14/03/2019 8:00,1701.32,26.8,,
14/03/2019 9:00,1693.66,25.7,,
14/03/2019 10:00,1673.04,26.6,,
14/03/2019 11:00,1655.63,26.3,,
14/03/2019 12:00,1652.51,27.4,,
14/03/2019 13:00,1732.64,24.2,,
14/03/2019 14:00,1693.66,25.4,,
14/03/2019 15:00,1702.32,25.6,,
14/03/2019 16:00,1726.14,25.6,,
14/03/2019 17:00,1682.83,27.5,,
14/03/2019 18:00,1651.28,27.6,,
14/03/2019 19:00,1710.98,26.9,,
14/03/2019 20:00,1706.65,24.9,,
14/03/2019 21:00,1654.67,26.2,,
14/03/2019 22:00,1721.81,26.8,,
14/03/2019 23:00,1732.64,26.7,,
15/03/2019 0:00,1771.62,27.4,,
15/03/2019 1:00,1689.32,28.4,,
15/03/2019 2:00,1652.51,27,,
15/03/2019 3:00,1672,27.9,,
15/03/2019 4:00,1697.99,26.2,,
15/03/2019 5:00,1680.66,25.9,,
15/03/2019 6:00,1684.99,26,,
15/03/2019 7:00,1665.5,25.6,,
15/03/2019 8:00,1722.64,25.8,,
15/03/2019 9:00,1694.62,26.8,,
15/03/2019 10:00,1681.68,27.6,,
15/03/2019 11:00,1690.3,26.1,,
15/03/2019 12:00,1698.93,26.6,,
15/03/2019 13:00,1692.46,25.8,,
15/03/2019 14:00,1692.46,25.8,,
15/03/2019 15:00,1731.27,26.8,,
15/03/2019 16:00,1715.31,25.7,,
15/03/2019 17:00,1730.47,26.6,,
15/03/2019 18:00,1675.21,26.3,,
15/03/2019 19:00,1675.21,27.4,,
15/03/2019 20:00,1684.99,24.2,,
15/03/2019 21:00,1696.77,25.4,,
15/03/2019 22:00,1733.42,25.6,,
15/03/2019 23:00,1678.5,25.6,,
16/03/2019 0:00,1694.62,27.5,,
16/03/2019 1:00,1664.43,27.6,,
16/03/2019 2:00,1707.55,26.9,,
16/03/2019 3:00,1623.91,24.9,,
16/03/2019 4:00,1619.57,26.2,,
16/03/2019 5:00,1619.57,26.8,,
16/03/2019 6:00,1610.9,26.7,,
16/03/2019 7:00,1593.55,27.4,,
16/03/2019 8:00,1613.07,28.4,,
16/03/2019 9:00,1619.57,27,,
16/03/2019 10:00,1615.23,27.9,,
16/03/2019 11:00,1632.58,26.2,,
16/03/2019 12:00,1617.4,25.9,,
16/03/2019 13:00,1608.73,26,,
16/03/2019 14:00,1632.58,25.6,,
16/03/2019 15:00,1589.22,25.8,,
16/03/2019 16:00,1606.56,26.8,,
16/03/2019 17:00,1684.61,27.6,,
16/03/2019 18:00,1628.24,26.1,,
16/03/2019 19:00,1622.97,26.6,,
16/03/2019 20:00,1610.9,25.8,,
16/03/2019 21:00,1645.59,25.8,,
16/03/2019 22:00,1614.33,26.8,,
16/03/2019 23:00,1632.58,25.7,,
17/03/2019 0:00,1625.12,26.6,,
17/03/2019 1:00,1674.94,26.3,,
17/03/2019 2:00,1683.48,27.4,,
17/03/2019 3:00,1712.67,24.2,,
17/03/2019 4:00,1697.64,25.4,,
17/03/2019 5:00,1700.57,25.6,,
17/03/2019 6:00,1685.62,25.6,,
17/03/2019 7:00,1681.35,27.5,,
17/03/2019 8:00,1694.17,27.6,,
17/03/2019 9:00,1724.07,26.9,,
17/03/2019 10:00,1697.99,24.9,,
17/03/2019 11:00,1689.32,26.2,,
17/03/2019 12:00,1696.97,26.8,,
17/03/2019 13:00,1653.46,26.7,,
17/03/2019 14:00,1684.99,27.4,,
17/03/2019 15:00,1661.17,28.4,,
17/03/2019 16:00,1680.66,27,,
17/03/2019 17:00,1673.04,27.9,,
17/03/2019 18:00,1669.83,26.2,,
17/03/2019 19:00,1747.8,25.9,,
17/03/2019 20:00,1675.21,26,,
17/03/2019 21:00,1688.27,25.6,,
17/03/2019 22:00,1775.29,25.8,,
17/03/2019 23:00,1707.85,26.8,,
18/03/2019 0:00,1664.33,27.6,,
18/03/2019 1:00,1762.96,26.1,,
18/03/2019 2:00,1704.48,26.6,,
18/03/2019 3:00,1692.62,25.8,,
18/03/2019 4:00,1710.02,25.8,,
18/03/2019 5:00,1716.55,26.8,,
18/03/2019 6:00,1679.56,25.7,,
18/03/2019 7:00,1694.79,26.6,,
18/03/2019 8:00,1701.32,26.3,,
18/03/2019 9:00,1701.32,27.4,,
18/03/2019 10:00,1733.95,24.2,,
18/03/2019 11:00,1717.72,25.4,,
18/03/2019 12:00,1718.72,25.6,,
18/03/2019 13:00,1693.69,25.6,,
18/03/2019 14:00,1715.54,27.5,,
18/03/2019 15:00,1689.31,27.6,,
18/03/2019 16:00,1710.02,26.9,,
18/03/2019 17:00,1722.1,24.9,,
18/03/2019 18:00,1708.98,26.2,,
18/03/2019 19:00,1736.13,26.8,,
18/03/2019 20:00,1715.54,26.7,,
18/03/2019 21:00,1733.02,27.4,,
18/03/2019 22:00,1739.58,28.4,,
18/03/2019 23:00,1703.49,27,,
19/03/2019 0:00,1717.72,27.9,,
19/03/2019 1:00,1703.49,26.2,,
19/03/2019 2:00,1713.35,25.9,,
19/03/2019 3:00,1745.18,26,,
19/03/2019 4:00,1761.43,25.6,,
19/03/2019 5:00,1763.62,25.8,,
19/03/2019 6:00,1726.47,26.8,,
19/03/2019 7:00,1783.29,27.6,,
19/03/2019 8:00,1784.7,26.1,,
19/03/2019 9:00,1737.54,26.6,,
19/03/2019 10:00,1753.96,25.8,,
19/03/2019 11:00,1837.38,25.8,,
19/03/2019 12:00,1691.5,26.8,,
19/03/2019 13:00,1710.02,25.7,,
19/03/2019 14:00,1760.06,26.6,,
19/03/2019 15:00,1742.66,26.3,,
19/03/2019 16:00,1753.53,27.4,,
19/03/2019 17:00,1825.77,24.2,,
19/03/2019 18:00,1794.87,25.4,,
19/03/2019 19:00,1827.94,25.6,,
19/03/2019 20:00,1754.3,25.6,,
19/03/2019 21:00,1833.46,27.5,,
19/03/2019 22:00,1754.3,27.6,,
19/03/2019 23:00,1793.28,26.9,,
20/03/2019 0:00,1712.2,24.9,,
20/03/2019 1:00,1764.41,26.2,,
20/03/2019 2:00,1792.69,26.8,,
20/03/2019 3:00,1776.73,26.7,,
20/03/2019 4:00,1755.71,27.4,,
20/03/2019 5:00,1885.71,28.4,,
20/03/2019 6:00,1768.76,27,,
20/03/2019 7:00,1765.13,27.9,,
20/03/2019 8:00,1753.53,26.2,,
20/03/2019 9:00,1757.88,25.9,,
20/03/2019 10:00,1765.13,26,,
20/03/2019 11:00,1760.06,25.6,,
20/03/2019 12:00,1862.31,25.8,,
20/03/2019 13:00,1751.36,26.8,,
20/03/2019 14:00,1942.86,27.6,,
20/03/2019 15:00,1838.38,26.1,,
20/03/2019 16:00,1741.76,26.6,,
20/03/2019 17:00,1820.44,25.8,,
20/03/2019 18:00,1892.31,25.8,,
20/03/2019 19:00,1807.33,26.8,,
20/03/2019 20:00,1899.11,25.7,,
20/03/2019 21:00,1818.25,26.6,,
20/03/2019 22:00,1733.02,26.3,,
20/03/2019 23:00,1733.02,27.4,,
21/03/2019 0:00,1796.4,24.2,,
21/03/2019 1:00,1763.62,25.4,,
21/03/2019 2:00,1717.72,25.6,,
21/03/2019 3:00,1752.69,25.6,,
21/03/2019 4:00,1831.37,27.5,,
21/03/2019 5:00,1765.8,27.6,,
21/03/2019 6:00,1733.02,26.9,,
21/03/2019 7:00,1695.87,24.9,,
21/03/2019 8:00,1776.73,26.2,,
21/03/2019 9:00,1717.72,26.8,,
21/03/2019 10:00,1700.24,26.7,,
21/03/2019 11:00,1701.32,27.4,,
21/03/2019 12:00,1722.1,28.4,,
21/03/2019 13:00,1735.21,27,,
21/03/2019 14:00,1736.13,27.9,,
21/03/2019 15:00,1855.79,26.2,,
21/03/2019 16:00,1820.98,25.9,,
21/03/2019 17:00,1838.76,26,,
21/03/2019 18:00,1768.76,25.6,,
21/03/2019 19:00,1738.3,25.8,,
21/03/2019 20:00,1770.94,26.8,,
21/03/2019 21:00,1872.53,27.6,,
21/03/2019 22:00,1775.29,26.1,,
21/03/2019 23:00,1753.53,26.6,,
22/03/2019 0:00,1749.18,25.8,,
22/03/2019 1:00,1751.36,25.8,,
22/03/2019 2:00,1801.95,26.8,,
22/03/2019 3:00,1775.29,25.7,,
22/03/2019 4:00,1741.3,26.6,,
22/03/2019 5:00,1753.53,26.3,,
22/03/2019 6:00,1780.29,27.4,,
22/03/2019 7:00,1760.8,24.2,,
22/03/2019 8:00,1767.29,25.4,,
22/03/2019 9:00,1765.13,25.6,,
22/03/2019 10:00,1892.53,25.6,,
22/03/2019 11:00,1759.3,27.5,,
22/03/2019 12:00,1888.33,27.6,,
22/03/2019 13:00,1833.88,26.9,,
22/03/2019 14:00,1793.79,24.9,,
22/03/2019 15:00,1731.27,26.2,,
22/03/2019 16:00,1756.46,26.8,,
22/03/2019 17:00,1839.07,26.7,,
22/03/2019 18:00,1825.16,27.4,,
22/03/2019 19:00,1776.54,28.4,,
22/03/2019 20:00,1739.89,27,,
22/03/2019 21:00,1770.08,27.9,,
22/03/2019 22:00,1800.26,26.2,,
22/03/2019 23:00,1888.33,25.9,,
23/03/2019 0:00,1858.47,26,,
23/03/2019 1:00,1775.96,25.6,,
23/03/2019 2:00,1799.78,25.8,,
23/03/2019 3:00,1873.08,26.8,,
23/03/2019 4:00,1787.32,27.6,,
23/03/2019 5:00,1801.21,26.1,,
23/03/2019 6:00,1879.74,26.6,,
23/03/2019 7:00,1862.4,25.8,,
23/03/2019 8:00,1797.35,25.8,,
23/03/2019 9:00,1873.24,26.8,,
23/03/2019 10:00,1858.21,25.7,,
23/03/2019 11:00,1819.04,26.6,,
23/03/2019 12:00,1817.2,26.3,,
23/03/2019 13:00,1877.63,27.4,,
23/03/2019 14:00,1799.94,24.2,,
23/03/2019 15:00,1901.25,25.4,,
23/03/2019 16:00,1750.67,25.6,,
23/03/2019 17:00,1776.54,25.6,,
23/03/2019 18:00,1836.91,27.5,,
23/03/2019 19:00,1830.44,27.6,,
23/03/2019 20:00,1907.93,26.9,,
23/03/2019 21:00,1979.8,24.9,,
23/03/2019 22:00,1795.95,26.2,,
23/03/2019 23:00,1833.88,26.8,,
24/03/2019 0:00,1846.94,26.7,,
24/03/2019 1:00,1866.55,27.4,,
24/03/2019 2:00,1821.44,28.4,,
24/03/2019 3:00,1984.16,27,,
24/03/2019 4:00,1765.76,27.9,,
24/03/2019 5:00,1763.61,26.2,,
24/03/2019 6:00,1774.39,25.9,,
24/03/2019 7:00,1785.17,26,,
24/03/2019 8:00,1787.78,25.6,,
24/03/2019 9:00,1767.92,25.8,,
24/03/2019 10:00,1875.41,26.8,,
24/03/2019 11:00,1860.01,27.6,,
24/03/2019 12:00,1763.61,26.1,,
24/03/2019 13:00,1795.19,26.6,,
24/03/2019 14:00,1793.02,25.8,,
24/03/2019 15:00,1757.14,25.8,,
24/03/2019 16:00,1822.99,26.8,,
24/03/2019 17:00,1800.66,25.7,,
24/03/2019 18:00,1750.67,26.6,,
24/03/2019 19:00,1710.52,26.3,,
24/03/2019 20:00,1750.67,27.4,,
24/03/2019 21:00,1846.94,24.2,,
24/03/2019 22:00,1772.23,25.4,,
24/03/2019 23:00,1776.54,25.6,,
25/03/2019 0:00,1807.74,25.6,,
25/03/2019 1:00,1757.14,27.5,,
25/03/2019 2:00,1767.92,27.6,,
25/03/2019 3:00,1742.05,26.9,,
25/03/2019 4:00,1767.92,24.9,,
25/03/2019 5:00,1750.67,26.2,,
25/03/2019 6:00,1806.73,26.8,,
25/03/2019 7:00,1742.05,26.7,,
25/03/2019 8:00,1731.27,27.4,,
25/03/2019 9:00,1754.98,28.4,,
25/03/2019 10:00,1776.54,27,,
25/03/2019 11:00,1711.86,27.9,,
25/03/2019 12:00,1724.8,26.2,,
25/03/2019 13:00,1748.52,25.9,,
25/03/2019 14:00,1789.48,26,,
25/03/2019 15:00,1711.86,25.6,,
25/03/2019 16:00,1776.54,25.8,,
25/03/2019 17:00,1744.2,26.8,,
25/03/2019 18:00,1789.48,27.6,,
25/03/2019 19:00,1846.94,26.1,,
25/03/2019 20:00,1750.67,26.6,,
25/03/2019 21:00,1783.01,25.8,,
25/03/2019 22:00,1696.77,25.8,,
25/03/2019 23:00,1732.64,26.8,,
26/03/2019 0:00,1732.64,25.7,,
26/03/2019 1:00,1736.97,26.6,,
26/03/2019 2:00,1728.31,26.3,,
26/03/2019 3:00,1715.31,27.4,,
26/03/2019 4:00,1715.31,24.2,,
26/03/2019 5:00,1700.15,25.4,,
26/03/2019 6:00,1791.12,25.6,,
26/03/2019 7:00,1748.52,25.6,,
26/03/2019 8:00,1723.98,27.5,,
26/03/2019 9:00,1732.64,27.6,,
26/03/2019 10:00,1706.65,26.9,,
26/03/2019 11:00,1710.98,24.9,,
26/03/2019 12:00,1709.71,26.2,,
26/03/2019 13:00,1760.8,26.8,,
26/03/2019 14:00,1726.14,26.7,,
26/03/2019 15:00,1693.66,27.4,,
26/03/2019 16:00,1700.15,28.4,,
26/03/2019 17:00,1702.32,27,,
26/03/2019 18:00,1697.99,27.9,,
26/03/2019 19:00,1712.2,26.2,,
26/03/2019 20:00,1720.9,25.9,,
26/03/2019 21:00,1715.31,26,,
26/03/2019 22:00,1708.82,25.6,,
26/03/2019 23:00,1690.44,25.8,,
27/03/2019 0:00,1688.27,26.8,,
27/03/2019 1:00,1699.14,27.6,,
27/03/2019 2:00,1620.82,26.1,,
27/03/2019 3:00,1679.56,26.6,,
27/03/2019 4:00,1738.3,25.8,,
27/03/2019 5:00,1718.72,25.8,,
27/03/2019 6:00,1674.02,26.8,,
27/03/2019 7:00,1708.98,25.7,,
27/03/2019 8:00,1654.35,26.6,,
27/03/2019 9:00,1710.02,26.3,,
27/03/2019 10:00,1701.32,27.4,,
27/03/2019 11:00,1762.24,24.2,,
27/03/2019 12:00,1615.01,25.4,,
27/03/2019 13:00,1623.75,25.6,,
27/03/2019 14:00,1649.98,25.6,,
27/03/2019 15:00,1645.61,27.5,,
27/03/2019 16:00,1608.45,27.6,,
27/03/2019 17:00,1615.67,26.9,,
27/03/2019 18:00,1671.83,24.9,,
27/03/2019 19:00,1698.06,26.2,,
27/03/2019 20:00,1615.01,26.8,,
27/03/2019 21:00,1630.31,26.7,,
27/03/2019 22:00,1619.38,27.4,,
27/03/2019 23:00,1634.68,28.4,,
28/03/2019 0:00,1658.72,27,,
28/03/2019 1:00,1698.06,27.9,,
28/03/2019 2:00,1652.99,26.2,,
28/03/2019 3:00,1728.65,25.9,,
28/03/2019 4:00,1635.42,26,,
28/03/2019 5:00,1656.53,25.6,,
28/03/2019 6:00,1715.54,25.8,,
28/03/2019 7:00,1711.17,26.8,,
28/03/2019 8:00,1776.73,27.6,,
28/03/2019 9:00,1704.61,26.1,,
28/03/2019 10:00,1656.53,26.6,,
28/03/2019 11:00,1658.72,25.8,,
28/03/2019 12:00,1689.31,25.8,,
28/03/2019 13:00,1663.09,26.8,,
28/03/2019 14:00,1674.16,25.7,,
28/03/2019 15:00,1723.08,26.6,,
28/03/2019 16:00,1661.17,26.3,,
28/03/2019 17:00,1694.79,27.4,,
28/03/2019 18:00,1690.44,24.2,,
28/03/2019 19:00,1768.76,25.4,,
28/03/2019 20:00,1664.33,25.6,,
28/03/2019 21:00,1677.39,25.6,,
28/03/2019 22:00,1659.98,27.5,,
28/03/2019 23:00,1710.02,27.6,,
29/03/2019 0:00,1683.91,26.9,,
29/03/2019 1:00,1733.95,24.9,,
29/03/2019 2:00,1659.98,26.2,,
29/03/2019 3:00,1694.79,26.8,,
29/03/2019 4:00,1677.39,26.7,,
29/03/2019 5:00,1666.51,27.4,,
29/03/2019 6:00,1630.31,28.4,,
29/03/2019 7:00,1631.7,27,,
29/03/2019 8:00,1679.56,27.9,,
29/03/2019 9:00,1653.46,26.2,,
29/03/2019 10:00,1630.31,25.9,,
29/03/2019 11:00,1629.52,26,,
29/03/2019 12:00,1548.32,25.6,,